Nome da Tabela:,,DOCUMENTO,,,,,,,,,,,,,,,,,,,,,,,
Tablespace:,,TS_DOCUMENTO,,,,,,,,,,,,,,,,,,,,,,,
Descrição:,,TABELA DE DOCUMENTO (CPF / CNPJ),,,,,,,,,,,,,,,,,,,,,,,
Sistema de Origem:,,,,,,,,,,,,,,,,,,,,,,,,,
Sistemas Usuários:,,,,,,,,,,,,,,,,,,,,,,,,,
,,,,,,,,,,,,,,,,,,,,,,,,,
Chave,Campo,Descrição,Tipo,Tamanho,Consistência,Observação,Formatação / Máscara,,,,,,,,,,,,,,,,,,
PK,IDDOCUMENTO,DOCUMENTO (CPF OU CNPJ),BIGINT,14,NOT NULL,,,,,,,,,,,,,,,,,,,,
,,,,,,,,,,,,,,,,,,,,,,,,,
,,,,,,,,,,,,,,,,,,,,,,,,,
,,,,,,,,,,,,,,,,,,,,,,,,,
Nome da Tabela:,,PESSOA,,,,,,,,,,,,,,,,,,,,,,,
Tablespace:,,TS_AGENDA,,,,,,,,,,,,,,,,,,,,,,,
Descrição:,,TABELA GENERICA DE PESSOAS,,,,,,,,,,,,,,,,,,,,,,,
Sistema de Origem:,,AGENDA,,,,,,,,,,,,,,,,,,,,,,,
Sistemas Usuários:,,"PRONTUÁRIO, VENDAS, AGENDA, SISTEMAS DA ÁREA DA SAÚDE, PSICOLOGIA, NPJ (CLIENTE)",,,,,,,,,,,,,,,,,,,,,,,
,,,,,,,,,,,,,,,,,,,,,,,,,
CHAVE,COLUNA,DESCRIÇÃO,TIPO,TAMANHO,CONSISTÊNCIA,OBSERVAÇÃO,FORMATAÇÃO/MÁSCARA,,,,,,,,,,,,,,,,,,
PK,IDPESSOA,ID DO REGISTRO DE PESSOA,INT,,AUTO_INCREMENT,PK_PESSOA,,,,,,,,,,,,,,,,,,,
FK,ID_DOCUMENTO,ID DOCUMENTO (CPF OU CNPJ),BIGINT,( 11 OU 14),NOT NULL,FK_IDDOCUMENTO,,,,,,,,,,,,,,,,,,,
,TIPOPESSOA,TIPO DA PESSOA (FISICA OU JURIDICA),"ENUM('F', 'J')",1,NOT NULL,,,,,,,,,,,,,,,,,,,,
,EMAIL,EMAIL DE PESSOA,VARCHAR,50,NOT NULL,,,,,,,,,,,,,,,,,,,,
,CEP,CODIGO DE ENDERECAMENTO POSTAL,DATE,YYYY-MM-DD,NOT NULL,,,,,,,,,,,,,,,,,,,,
,BAIRRO,BAIRRO DE PESSOA,VARCHAR,40,NOT NULL,,,,,,,,,,,,,,,,,,,,
,NUMERO_ENDERECO,NUMERO DO ENDERECO DE PESSOA,VARCHAR,50,NOT NULL,,,,,,,,,,,,,,,,,,,,
,COMPLEMENTO,COMPLEMENTO DE ENDERECO DE PESSOA,INT,10,NOT NULL,,,,,,,,,,,,,,,,,,,,
,TELEFONE,TELEFONE DE PESSOA,VARCHAR,20,NOT NULL,,,,,,,,,,,,,,,,,,,,
,ESTADO_RESIDE,ESTADO QUE PESSOA MORA,VARCHAR,2,NOT NULL,,,,,,,,,,,,,,,,,,,,
,CIDADE_RESIDE,CIDADE QUE PESSOA MORA,VARCHAR,80,NOT NULL,,,,,,,,,,,,,,,,,,,,
,ESTADO_NASCIMENTO,ESTADO QUE PESSOA NASCEU,CHAR,2,NOT NULL,,,,,,,,,,,,,,,,,,,,
,CIDADE_NASCIMENTO,CIDADE QUE PESSOA NASCEU,VARCHAR,80,NOT NULL,,,,,,,,,,,,,,,,,,,,
,NOMEPESSOA,NOME DE PESSOA,VARCHAR,200,NOT NULL,,,,,,,,,,,,,,,,,,,,
,,,,,,,,,,,,,,,,,,,,,,,,,
,,,,,,,,,,,,,,,,,,,,,,,,,
,,,,,,,,,,,,,,,,,,,,,,,,,
Nome da Tabela:,,PESSOAFIS,,,,,,,,,,,,,,,,,,,,,,,
Tablespace:,,TS_AGENDA,,,,,,,,,,,,,,,,,,,,,,,
Descrição:,,TABELA PRINCIPAL DE PESSOAS FISICAS,,,,,,,,,,,,,,,,,,,,,,,
Sistema de Origem:,,AGENDA,,,,,,,,,,,,,,,,,,,,,,,
Sistemas Usuários:,,"PRONTUÁRIO, VENDAS, AGENDA, SISTEMAS DA ÁREA DA SAÚDE, PSICOLOGIA, NPJ (CLIENTE)",,,,,,,,,,,,,,,,,,,,,,,
,,,,,,,,,,,,,,,,,,,,,,,,,
CHAVE,COLUNA,DESCRIÇÃO,TIPO,TAMANHO,CONSISTÊNCIA,OBSERVAÇÃO,FORMATAÇÃO/MÁSCARA,,,,,,,,,,,,,,,,,,
PK,IDPESSOAFIS,ID DE REGISTRO PESSOA FISICA,INT,,NOT NULL ,PK_PESSOAFIS,,,,,,,,,,,,,,,,,,,
FK,IDDOCUMENTO,ID DO DOCUMENTO DE PESSOA FISICA,BIGINT,11,NOT NULL ,FK_IDDOCUMENTO,,,,,,,,,,,,,,,,,,,
FK,ID_PESSOA,ID DE REGISTRO DE PESSOA,INT ,,NOT NULL ,FK_NOMEPESSOA,,,,,,,,,,,,,,,,,,,
,SEXOPESSOA,SEXO DE PESSOA,"ENUM('M', 'F')",,NOT NULL ,,,,,,,,,,,,,,,,,,,,
,DATACRIACAO,REGISTRO DE LOG,DATETIME,,NOT NULL ,,,,,,,,,,,,,,,,,,,,
,,,,,,,,,,,,,,,,,,,,,,,,,
,,,,,,,,,,,,,,,,,,,,,,,,,
,,,,,,,,,,,,,,,,,,,,,,,,,
Nome da Tabela:,,PESSOAJUR,,,,,,,,,,,,,,,,,,,,,,,
Tablespace:,,TS_AGENDA,,,,,,,,,,,,,,,,,,,,,,,
Descrição:,,TABELA PRINCIPAL DE PESSOAS JURIDICAS,,,,,,,,,,,,,,,,,,,,,,,
Sistema de Origem:,,AGENDA,,,,,,,,,,,,,,,,,,,,,,,
Sistemas Usuários:,,"PRONTUÁRIO, VENDAS, AGENDA, SISTEMAS DA ÁREA DA SAÚDE, PSICOLOGIA, NPJ (CLIENTE)",,,,,,,,,,,,,,,,,,,,,,,
,,,,,,,,,,,,,,,,,,,,,,,,,
CHAVE,COLUNA,DESCRIÇÃO,TIPO,TAMANHO,CONSISTÊNCIA,OBSERVAÇÃO,FORMATAÇÃO/MÁSCARA,,,,,,,,,,,,,,,,,,
PK,IDPESSOAJUR ,REGISTRO DE PESSOA JURIDICA,INT,,NOT NULL ,,,,,,,,,,,,,,,,,,,,
FK,IDDOCUMENTO,ID DO DOCUMENTO DE PESSOA JURIDICA,BIGINT,14,NOT NULL UNIQUE,FK_IDDOCUMENTO,,,,,,,,,,,,,,,,,,,
,RAZSOCIAL,RAZÃO SOCIAL,VARCHAR,100,NOT NULL,IDX_PESSOAJUR_RAZSOCIAL,,,,,,,,,,,,,,,,,,,
,NOMEFAN,NOME FANTASIA,VARCHAR,100,NOT NULL,IDX_PESSOAJUR_NOMEFAN,,,,,,,,,,,,,,,,,,,
,CNAE,NUMERO DO CNAE,CHAR,7,DEFAULT NULL,,,,,,,,,,,,,,,,,,,,
,DATACRIACAO,REGISTRO DE LOG,DATETIME,,NOT NULL,,,,,,,,,,,,,,,,,,,,
,,,,,,,,,,,,,,,,,,,,,,,,,
,,,,,,,,,,,,,,,,,,,,,,,,,
,,,,,,,,,,,,,,,,,,,,,,,,,
Nome da Tabela:,,AGENDA,,,,,,,,,,,,,,,,,,,,,,,
Tablespace:,,TS_AGENDA,,,,,,,,,,,,,,,,,,,,,,,
Descrição:,,TABELA DE AGENDAMENTO,,,,,,,,,,,,,,,,,,,,,,,
Sistema de Origem:,,AGENDA,,,,,,,,,,,,,,,,,,,,,,,
Sistemas Usuários:,,"PRONTUÁRIO, VENDAS, AGENDA, SISTEMAS DA ÁREA DA SAÚDE, PSICOLOGIA, NPJ (CLIENTE)",,,,,,,,,,,,,,,,,,,,,,,
,,,,,,,,,,,,,,,,,,,,,,,,,
CHAVE,COLUNA,DESCRIÇÃO,TIPO,TAMANHO,CONSISTÊNCIA,OBSERVAÇÃO,FORMATAÇÃO/MÁSCARA,,,,,,,,,,,,,,,,,,
FK,ID_IDDOCUMENTO,ID DO DOCUMENTO (IDENTIFICADOR),INT,11,NOT NULL,,,,,,,,,,,,,,,,,,,,
FK,ID_PROFISSIO,ID DO PROFISSIONAL,INT,14,,FK_AGENDA_DOCUMENTO,,,,,,,,,,,,,,,,,,,
FK,ID_PROCED,ID DO PROCEDIMENTO QUE SERÁ REALIZADO,INT,,NOT NULL,FK_AGENDA_PROCEDIMENTO,,,,,,,,,,,,,,,,,,,
FK,ID_ESPECIALIDADE,"""NAO POSSO ESQUECER DE ADICIONAR ESSA COLUNA AQUI - MILTON""",,,,,,,,,,,,,,,,,,,,,,,
,DESCRCOMP,"DESCRICAO COMPLEMENTAR, SE NECESSÁRIO",VARCHAR,250,,,,,,,,,,,,,,,,,,,,,
,DATANOVA,NOVA DATA DA CONSULTA CASO O PACIENTE SOLICITE,DATETIME,,DEFAULT NULL,,,,,,,,,,,,,,,,,,,,
,DATAABERT,DATA DA CONSULTA,DATETIME,,NOT NULL,,,,,,,,,,,,,,,,,,,,
,SITUAGEN,STATUS DO ATENDIMENTO,"ENUM('1','2','3')",,NOT NULL DEFAULT '1',,1 - AGUARDANDO,,,,,,,,,,,,,,,,,,
,,,,,,,2 - ATENDIDO,,,,,,,,,,,,,,,,,,
,,,,,,,3 - CANCELADO,,,,,,,,,,,,,,,,,,
,MOTIALT,"MOTIVO DA ALTERAÇÃO, SE HOUVER",VARCHAR,100,DEFAULT NULL,,,,,,,,,,,,,,,,,,,,
,,,,,,,,,,,,,,,,,,,,,,,,,
,,,,,,,,,,,,,,,,,,,,,,,,,
,,,,,,,,,,,,,,,,,,,,,,,,,
Nome da Tabela:,,PACIENTE,,,,,,,,,,,,,,,,,,,,,,,
Tablespace:,,TS_AGENDA,,,,,,,,,,,,,,,,,,,,,,,
Descrição:,,TABELA PRINCIPAL DO PACIENTE,,,,,,,,,,,,,,,,,,,,,,,
Sistema de Origem:,,AGENDA,,,,,,,,,,,,,,,,,,,,,,,
Sistemas Usuários:,,"PRONTUÁRIO, VENDAS, AGENDA, SISTEMAS DA ÁREA DA SAÚDE, PSICOLOGIA, NPJ (CLIENTE)",,,,,,,,,,,,,,,,,,,,,,,
,,,,,,,,,,,,,,,,,,,,,,,,,
CHAVE,COLUNA,DESCRIÇÃO,TIPO,TAMANHO,CONSISTÊNCIA,OBSERVAÇÃO,FORMATAÇÃO/MÁSCARA,,,,,,,,,,,,,,,,,,
FK,ID_IDDOCUMENTO,ID DO DOCUMENTO,,14,,FK_PACIENTE_DOCUMENTO_IDX,,,,,,,,,,,,,,,,,,,
FK,RGPESSOA,RG DA PESSOA,INT,11,NOT NULL ,FK_PESSOA_PACIENTE,,,,,,,,,,,,,,,,,,,
,STATUSPESSOA,STATUS DO CADASTRO DE PESSOA,"ENUM('ATIVO', 'INATIVO')",,NOT NULL ,,,,,,,,,,,,,,,,,,,,
,,,,,,,,,,,,,,,,,,,,,,,,,
,,,,,,,,,,,,,,,,,,,,,,,,,
,,,,,,,,,,,,,,,,,,,,,,,,,
Nome da Tabela:,,PRONTUARIO (view PROCESSO para o sistema NPJ),,,,,,,,,,,,,,,,,,,,,,,
Tablespace:,,TS_PRONTUARIO,,,,,,,,,,,,,,,,,,,,,,,
Descrição:,,Tabela principal do prontuário do paciente (processo do cliente para o sistema NPJ),,,,,,,,,,,,,,,,,,,,,,,
Sistema de Origem:,,PRONTUÁRIO,,,,,,,,,,,,,,,,,,,,,,,
Sistemas Usuários:,,"AGENDA, SISTEMAS DA ÁREA DA SAÚDE, PSICOLOGIA, NPJ (PROCESSO)",,,,,,,,,,,,,,,,,,,,,,,
,,,,,,,,,,,,,,,,,,,,,,,,,
Chave,Campo,DESCRIÇÃO,Tipo,Tamanho,Consistência,Observação,Formatação / Máscara,,,,,,,,,,,,,,,,,,
FK,ID_IDDOCUMENTO,DOCUMENTO DE PESSOA (CPF),INT,11,NOT NULL,FK_PESSOA_PRONTUARIO,,,,,,,,,,,,,,,,,,,
FK,ID_PROFISSIO,ID DO REGISTRO DO PROFISSIONAL,INT,,NOT NULL,FK_PRONTUARIO_PROFISSIONAL,,,,,,,,,,,,,,,,,,,
FK,ID_ESPEC,CÓDIGO DA ESPECIALIDADE DO PRONTUÁRIO,INT,,NOT NULL,FK_PRONTUARIO_ESPECIALIDADE,,,,,,,,,,,,,,,,,,,
FK,ID_CODPROCED,CÓDIGO DO PROCEDIMENTO,CHAR,8,NOT NULL,FK_PRONTUARIO_PROCEDIMENTO,,,,,,,,,,,,,,,,,,,
,DATAPROCED,DATA DA APLICAÇÃO DO PROCEDIMENTO,DATE,,NOT NULL,,,,,,,,,,,,,,,,,,,,
,DESCPROD,DESCRIÇÃO DO PROCEDIMENTO,TEXT,,NOT NULL,,,,,,,,,,,,,,,,,,,,
,LINKPROCED,LINK PARA O ARQUIVO DO PROCEDIMENTO REALIZADO,VARCHAR,250,,,Correspondência nos repositórios de arquivo,,,,,,,,,,,,,,,,,,
,AUTOPACVISU,AUTORIZAÇÃO DO PACIENTE PARA VIZUALIZAÇÃO,"ENUM ('SIM','NAO')",,NOT NULL DEFAULT NAO,,,,,,,,,,,,,,,,,,,,
,,,,,,,,,,,,,,,,,,,,,,,,,
,,,,,,,,,,,,,,,,,,,,,,,,,
,,,,,,,,,,,,,,,,,,,,,,,,,
Nome da Tabela:,,PROCEDIMENTO,,,,,,,,,,,,,,,,,,,,,,,
Tablespace:,,TS_PRONTUARIO,,,,,,,,,,,,,,,,,,,,,,,
Descrição:,,Tabela de procedimentos possíveis cadastrados,,,,,,,,,,,,,,,,,,,,,,,
Sistema de Origem:,,PRONTUÁRIO,,,,,,,,,,,,,,,,,,,,,,,
Sistemas Usuários:,,"AGENDA, SISTEMAS DA ÁREA DA SAÚDE, PSICOLOGIA, NPJ (PROCESSO)",,,,,,,,,,,,,,,,,,,,,,,
,,,,,,,,,,,,,,,,,,,,,,,,,
Chave,Campo,Descrição,Tipo,Tamanho,Consistência,Observação,Formatação / Máscara,,,,,,,,,,,,,,,,,,
PK,CODPROCED,CÓDIGO DO PROCEDIMENTO,CHAR,8,NOT NULL UNIQUE,,,,,,,,,,,,,,,,,,,,
 ,DESCRPROC,DESCRIÇÃO DO PROCEDIMENTO,VARCHAR,250,NOT NULL,IDX_PROCEDIMENTO_DESCRPROC,,,,,,,,,,,,,,,,,,,
 ,VALORPROC,VALOR DO PROCEDIMENTO,DECIMAL,10.199999999999999,NOT NULL,,"R$ 99.999,99",,,,,,,,,,,,,,,,,,
,,,,,,,,,,,,,,,,,,,,,,,,,
,,,,,,,,,,,,,,,,,,,,,,,,,
,,,,,,,,,,,,,,,,,,,,,,,,,
Nome da Tabela:,,PROFISSIONAL,,,,,,,,,,,,,,,,,,,,,,,
Tablespace:,,TS_RH,,,,,,,,,,,,,,,,,,,,,,,
Descrição:,,Tabela de profissionais cadastrados,,,,,,,,,,,,,,,,,,,,,,,
Sistema de Origem:,,RH,,,,,,,,,,,,,,,,,,,,,,,
Sistemas Usuários:,,"AGENDA, SISTEMAS DA ÁREA DA SAÚDE, PSICOLOGIA, NPJ (PROCESSO)",,,,,,,,,,,,,,,,,,,,,,,
,,,,,,,,,,,,,,,,,,,,,,,,,
Chave,Campo,Descrição,Tipo,Tamanho,Consistência,Observação,Formatação / Máscara,,,,,,,,,,,,,,,,,,
FK,ID_IDDOCUMENTO,ID DO DOCUMENTO,,14,NOT NULL ,FK_PROFISSIONAL_PESSOAFIS,,,,,,,,,,,,,,,,,,,
,SUPERVISORDOC,DOCUMENTO DO SUPERVISOR (CPF),INT,11,,,,,,,,,,,,,,,,,,,,,
,TIPOPROFI,DESCRIÇÃO DO TIPO DE PROFISSIONAL,"ENUM('1','2','3','4')",,NOT NULL UNIQUE,,1. administrativo,,,,,,,,,,,,,,,,,,
,,,,,,,2. técnico básico,,,,,,,,,,,,,,,,,,
,,,,,,,3. técnico supervisor,,,,,,,,,,,,,,,,,,
,,,,,,,4. master,,,,,,,,,,,,,,,,,,
FK,ID_SUPPROFI,SUPERVIDOR DO PROFISSIONAL,INT,,,FK_PROFISSIONAL_PROFISSIONAL,,,,,,,,,,,,,,,,,,,
,STATUSPROFI,SITUAÇÃO DO PROFISSINAL,"ENUM('1','2','3')",1,NOT NULL,,1. ativo,,,,,,,,,,,,,,,,,,
,,,,,,,2. inativo,,,,,,,,,,,,,,,,,,
,,,,,,,3. suspenso,,,,,,,,,,,,,,,,,,
FK,IDCONSEPROFI,CONSELHO DO PROFISSIONAL,INT,,,FK_PROFISSIONAL_CONSEPROFI,,,,,,,,,,,,,,,,,,,
,ESPECIALIDADE,ESPECIALIDADE DO PROFISSIONAL,VARCHAR,100,NOT NULL,,,,,,,,,,,,,,,,,,,,
,,,,,,,,,,,,,,,,,,,,,,,,,
,<- leia o comentario,,,,,,,,,,,,,,,,,,,,,,,,
,,,,,,,,,,,,,,,,,,,,,,,,,
,,,,,,,,,,,,,,,,,,,,,,,,,
,,,,,,,,,,,,,,,,,,,,,,,,,
Nome da Tabela:,,CONSEPROFI,,,,,,,,,,,,,,,,,,,,,,,
Tablespace:,,TS_RH,,,,,,,,,,,,,,,,,,,,,,,
Descrição:,,TABELA DE CONSELHOS DE PROFISSIONAIS,,,,,,,,,,,,,,,,,,,,,,,
Sistema de Origem:,,RH,,,,,,,,,,,,,,,,,,,,,,,
Sistemas Usuários:,,"AGENDA, SISTEMAS DA ÁREA DA SAÚDE, PSICOLOGIA, NPJ (PROCESSO)",,,,,,,,,,,,,,,,,,,,,,,
,,,,,,,,,,,,,,,,,,,,,,,,,
Chave,Campo,Descrição,Tipo,Tamanho,Consistência,Observação,Formatação / Máscara,,,,,,,,,,,,,,,,,,
PK,IDCONSEPROFI,ID DO REGISTRO,INT,,AUTO_INCREMENT,,,,,,,,,,,,,,,,,,,,
,DESCRICAO,DESCRICAO DO CONSELHO,VARCHAR(100),,NOT NULL UNIQUE,,,,,,,,,,,,,,,,,,,,
,ABREVCONS,ABREVEAÇÃO DO NOME DO CONSELHO,CHAR(10),,NOT NULL UNIQUE,,,,,,,,,,,,,,,,,,,,
,,,,,,,,,,,,,,,,,,,,,,,,,
,,,,,,,,,,,,,,,,,,,,,,,,,
,,,,,,,,,,,,,,,,,,,,,,,,,
Nome da Tabela:,,PROFI_ESPEC,,,,,,,,,,,,,,,,,,,,,,,
Tablespace:,,TS_RH,,,,,,,,,,,,,,,,,,,,,,,
Descrição:,,Tabela de vinculo entre profissionais de especialidades,,,,,,,,,,,,,,,,,,,,,,,
Sistema de Origem:,,RH,,,,,,,,,,,,,,,,,,,,,,,
Sistemas Usuários:,,"AGENDA, SISTEMAS DA ÁREA DA SAÚDE, PSICOLOGIA, NPJ (PROCESSO)",,,,,,,,,,,,,,,,,,,,,,,
,,,,,,,,,,,,,,,,,,,,,,,,,
Chave,Campo,Descrição,Tipo,Tamanho,Consistência,Observação,Formatação / Máscara,,,,,,,,,,,,,,,,,,
PK,IDPROFI_ESPEC,ID DO REGISTRO,INT,,AUTO_INCREMENT,,,,,,,,,,,,,,,,,,,,
FK,ID_PROFISSIO,ID DO PROFISSIONAL,INT,,NOT NULL,FK_PROFIESPEC_PROFISSIONAL,,,,,,,,,,,,,,,,,,,
FK,ID_ESPEC,ID DA ESPECIALIDADE,INT,,NOT NULL,FK_PROFIESPEC_ESPECIALIDADE,,,,,,,,,,,,,,,,,,,
,,,,,,,,,,,,,,,,,,,,,,,,,
,,,,,,,,,,,,,,,,,,,,,,,,,
,,,,,,,,,,,,,,,,,,,,,,,,,
Nome da Tabela:,,USUARIO,,,,,,,,,,,,,,,,,,,,,,,
Tablespace:,,TS_RH,,,,,,,,,,,,,,,,,,,,,,,
Descrição:,,TABELA DE PROFISSIONAIS USUÁRIOS DO SISTEMA,,,,,,,,,,,,,,,,,,,,,,,
Sistema de Origem:,,RH,,,,,,,,,,,,,,,,,,,,,,,
Sistemas Usuários:,,"AGENDA, SISTEMAS DA ÁREA DA SAÚDE, PSICOLOGIA, NPJ (PROCESSO)",,,,,,,,,,,,,,,,,,,,,,,
,,,,,,,,,,,,,,,,,,,,,,,,,
Chave,Campo,Descrição,Tipo,Tamanho,Consistência,Observação,Formatação / Máscara,,,,,,,,,,,,,,,,,,
PK,IDUSUARIO,ID DO REGISTRO DE USUÁRIO,INT,,AUTO_INCREMENT,,,,,,,,,,,,,,,,,,,,
FK,ID_PROFISSIO,ID DO REGISTRO DE PROFISSIONAL,,,,FK_USUARIO_PROFISSIONAL,,,,,,,,,,,,,,,,,,,
FK,ID_IDDOCUMENTO,ID DO DOCUMENTO,BIGINT,14,NOT NULL,FK_USUARIO_DOCUMENTO,,,,,,,,,,,,,,,,,,,
,LOGUSUARIO,LOGIN DO USUÁRIO,VARCHAR,100,NOT NULL UNIQUE,,,,,,,,,,,,,,,,,,,,
,SENHAUSUA,SENHA CRIPTOGRAFADA DO USUÁRIO,VARCHAR,250,NOT NULL,,,,,,,,,,,,,,,,,,,,
,,,,,,,,,,,,,,,,,,,,,,,,,
,,,,,,,,,,,,,,,,,,,,,,,,,
,,,,,,,,,,,,,,,,,,,,,,,,,
Nome da Tabela:,,PERMIUSUA,,,,,,,,,,,,,,,,,,,,,,,
Tablespace:,,TS_RH,,,,,,,,,,,,,,,,,,,,,,,
Descrição:,,TABELA DE PERMISSÕES DE USUÁRIOS,,,,,,,,,,,,,,,,,,,,,,,
Sistema de Origem:,,RH,,,,,,,,,,,,,,,,,,,,,,,
Sistemas Usuários:,,"AGENDA, SISTEMAS DA ÁREA DA SAÚDE, PSICOLOGIA, NPJ (PROCESSO)",,,,,,,,,,,,,,,,,,,,,,,
,,,,,,,,,,,,,,,,,,,,,,,,,
Chave,Campo,Descrição,Tipo,Tamanho,Consistência,Observação,Formatação / Máscara,,,,,,,,,,,,,,,,,,
PK,IDPERMIUSUA,ID DO REGISTRO DE USUÁRIO,INT,,AUTO_INCREMENT,,,,,,,,,,,,,,,,,,,,
,DESCPERMI,"NOME DA PERMISSÃO (EX: ADMIN, SUPERVISOR, PACIENTE)",VARCHAR,50,NOT NULL UNIQUE,,,,,,,,,,,,,,,,,,,,
,,,,,,,,,,,,,,,,,,,,,,,,,
,,,,,,,,,,,,,,,,,,,,,,,,,
,,,,,,,,,,,,,,,,,,,,,,,,,
Nome da Tabela:,,USUAPERMIUSUA,,,,,,,,,,,,,,,,,,,,,,,
Tablespace:,,TS_RH,,,,,,,,,,,,,,,,,,,,,,,
Descrição:,,TABELA DE RELAÇÃO ENTRE USUÁRIOS E PERMISSÕES,,,,,,,,,,,,,,,,,,,,,,,
Sistema de Origem:,,RH,,,,,,,,,,,,,,,,,,,,,,,
Sistemas Usuários:,,"AGENDA, SISTEMAS DA ÁREA DA SAÚDE, PSICOLOGIA, NPJ (PROCESSO)",,,,,,,,,,,,,,,,,,,,,,,
,,,,,,,,,,,,,,,,,,,,,,,,,
Chave,Campo,Descrição,Tipo,Tamanho,Consistência,Observação,Formatação / Máscara,,,,,,,,,,,,,,,,,,
PK,IDUSUAPERMIUSUA,ID DO REGISTRO DE USUÁRIO,INT,,AUTO_INCREMENT,,,,,,,,,,,,,,,,,,,,
FK,ID_USUARIO,ID DO REGISTRO DE USUÁRIO,INT,,NOT NULL,FK_USUAPERMIUSUA_USUARIO,,,,,,,,,,,,,,,,,,,
FK,ID_PERMIUSUA,ID DO REGISTRO DE PERMISSÃO DE USUÁRIO,INT,,NOT NULL,FK_USUAPERMIUSUA_PERMIUSUA,,,,,,,,,,,,,,,,,,,
,,,,,,,,,,,,,,,,,,,,,,,,,
,,,,,,,,,,,,,,,,,,,,,,,,,
,,,,,,,,,,,,,,,,,,,,,,,,,
Nome da Tabela:,,ESPECIALIDADE,,,,,,,,,,,,,,,,,,,,,,,
Tablespace:,,TS_PRONTUARIO,,,,,,,,,,,,,,,,,,,,,,,
Descrição:,,TABELA DE ESPECIALIDADES,,,,,,,,,,,,,,,,,,,,,,,
Sistema de Origem:,,PRONTUÁRIO,,,,,,,,,,,,,,,,,,,,,,,
Sistemas Usuários:,,"AGENDA, SISTEMAS DA ÁREA DA SAÚDE, PSICOLOGIA, NPJ (PROCESSO)",,,,,,,,,,,,,,,,,,,,,,,
,,,,,,,,,,,,,,,,,,,,,,,,,
Chave,Campo,Descrição,Tipo,Tamanho,Consistência,Observação,Formatação / Máscara,,,,,,,,,,,,,,,,,,
PK,IDESPEC,ID DO REGISTRO DA ESPECIALIDADE,INT,,AUTO_INCREMENT,,,,,,,,,,,,,,,,,,,,
,CODESPEC,CÓDIGO DA ESPECIALIDADE,CHAR,2,NOT NULL UNIQUE,,"00.Biomedicina
10. Enfermagem
20. Estética e Cosmetologia
30. Fisioterapia
40. Nutrição
50. Odontologia
70. Psicologia
80. NPJ
90. Medicina",,,,,,,,,,,,,,,,,,
,DESCESPEC,NOME/DESCRIÇÃO DA ESPECIALIDADE,VARCHAR,100,NOT NULL,,,,,,,,,,,,,,,,,,,,
,,,,,,,,,,,,,,,,,,,,,,,,,
,,,,,,,,,,,,,,,,,,,,,,,,,
,,,,,,,,,,,,,,,,,,,,,,,,,
Nome da Tabela:,,ESPECPROCED,,,,,,,,,,,,,,,,,,,,,,,
Tablespace:,,TS_PRONTUARIO,,,,,,,,,,,,,,,,,,,,,,,
Descrição:,,TABELA DE ESPECIALIDADES,,,,,,,,,,,,,,,,,,,,,,,
Sistema de Origem:,,PRONTUÁRIO,,,,,,,,,,,,,,,,,,,,,,,
Sistemas Usuários:,,"AGENDA, SISTEMAS DA ÁREA DA SAÚDE, PSICOLOGIA, NPJ (PROCESSO)",,,,,,,,,,,,,,,,,,,,,,,
,,,,,,,,,,,,,,,,,,,,,,,,,
Chave,Campo,Descrição,Tipo,Tamanho,Consistência,Observação,Formatação / Máscara,,,,,,,,,,,,,,,,,,
PK,IDESPECPROCED,ID DO REGISTRO,INT,,AUTO_INCREMENT,,,,,,,,,,,,,,,,,,,,
,ID_PROCED,ID DO PROCEDIMENTO,INT,,NOT NULL,FK_ESPECPROCED_PROCEDIMENTO,,,,,,,,,,,,,,,,,,,
,ID_ESPEC,ID DA ESPECIALIDADE,INT,,NOT NULL,FK_ESPECPROCED_ESPECIALIDADE,,,,,,,,,,,,,,,,,,,
,,,,,,,,,,,,,,,,,,,,,,,,,
,,,,,,,,,,,,,,,,,,,,,,,,,
,,,,,,,,,,,,,,,,,,,,,,,,,
Nome da Tabela:,,VENDA,,,,,,,,,,,,,,,,,,,,,,,
Tablespace:,,TS_VENDA,,,,,,,,,,,,,,,,,,,,,,,
Descrição:,,TABELA DE ITENS DE CADASTRAMENTO,,,,,,,,,,,,,,,,,,,,,,,
Sistema de Origem:,,Vendas,,,,,,,,,,,,,,,,,,,,,,,
Sistemas Usuários:,,"Prontuário, Contábil, Financeiro",,,,,,,,,,,,,,,,,,,,,,,
,,,,,,,,,,,,,,,,,,,,,,,,,
Chave,Campo,Descrição,Tipo,Tamanho,Consistência,Observação,Formatação / Máscara,,,,,,,,,,,,,,,,,,
PK,IDVENDA,ID DO REGISTRO DA VENDA,INT,,AUTO_INCREMENT,,,,,,,,,,,,,,,,,,,,
FK,ID_PESSOA,ID DO REGISTRO DE PESSOA,INT,,NOT NULL,FK_VENDA_PESSOA,,,,,,,,,,,,,,,,,,,
,VALORVENDA,VALOR DA VENDA,DECIMAL,10.199999999999999,NOT NULL,,,,,,,,,,,,,,,,,,,,
,DATAPAG,DATA DO PAGAMENTO,DATE,,NOT NULL,,,,,,,,,,,,,,,,,,,,
,FORMPAG,FORMA DE PAGAMENTO,"ENUM('1','2')",1,NOT NULL,,"1 - A VISTA
2 - A PRAZO",,,,,,,,,,,,,,,,,,
,,,,,,,,,,,,,,,,,,,,,,,,,
,,,,,,,,,,,,,,,,,,,,,,,,,
,,,,,,,,,,,,,,,,,,,,,,,,,
Nome da Tabela:,,ITEMVENDA,,,,,,,,,,,,,,,,,,,,,,,
Tablespace:,,TS_VENDA,,,,,,,,,,,,,,,,,,,,,,,
Descrição:,,TABELA DE ITENS DE VENDAS,,,,,,,,,,,,,,,,,,,,,,,
Sistema de Origem:,,VENDAS,,,,,,,,,,,,,,,,,,,,,,,
Sistemas Usuários:,,VENDAS,,,,,,,,,,,,,,,,,,,,,,,
,,,,,,,,,,,,,,,,,,,,,,,,,
Chave,Campo,Descrição,Tipo,Tamanho,Consistência,Observação,Formatação / Máscara,,,,,,,,,,,,,,,,,,
PK,IDITEMVENDA,ID DO REGISTRO,INT,,AUTO_INCREMENT,,,,,,,,,,,,,,,,,,,,
FK,ID_VENDA,ID DO REGISTRO DE VENDA,INT,,NOT NULL,FK_ITEMVENDA_VENDA,,,,,,,,,,,,,,,,,,,
,QTDITEM,QUANTIDADE DO ITEM,INT,,NOT NULL,,,,,,,,,,,,,,,,,,,,
FK,ID_ESPEC,ID DA ESPECIALIDADE,INT,,,FK_ITEMVENDA_ESPECIALIDADE,,,,,,,,,,,,,,,,,,,
FK,ID_PROCED,ID DO REGISTRO DO PRECEDIMENTO,CHAR,5,NOT NULL,FK_ITEMVENDA_PROCEDIMENTO,,,,,,,,,,,,,,,,,,,
FK,ID_PROFISSIO,ID DO REGISTRO DO PROFISSIONAL,INT,,NOT NULL,FK_ITEMVENDA_PROFISSIONAL,,,,,,,,,,,,,,,,,,,
,,,,,,,,,,,,,,,,,,,,,,,,,
,,,,,,,,,,,,,,,,,,,,,,,,,
,,,,,,,,,,,,,,,,,,,,,,,,,
Nome da Tabela:,,PLANOCONTA,,,,,,,,,,,,,,,,,,,,,,,
Tablespace:,,TS_CONTABIL,,,,,,,,,,,,,,,,,,,,,,,
Descrição:,,TABELA DE PLANO DE CONTAS,,,,,,,,,,,,,,,,,,,,,,,
SISTEMA DE ORIGEM:,,CONTABIL,,,,,,,,,,,,,,,,,,,,,,,
Sistemas Usuarios:,,CONTABIL,,,,,,,,,,,,,,,,,,,,,,,
,,,,,,,,,,,,,,,,,,,,,,,,,
Chave,Campo,Descrição,Tipo,Tamanho,Consistência,Observação,Formatação / Máscara,,,,,,,,,,,,,,,,,,
PK,IDPLANOCONTA,ID DO REGISTRO,INT,,AUTO_INCREMENT,,,,,,,,,,,,,,,,,,,,
,CODPLANO,CÓDIGO DO PLANO,INT,,NOT NULL UNIQUE,,,,,,,,,,,,,,,,,,,,
,TIPO,INDICA O TIPO DA CONTA,"ENUM('AT','PA','PL','RC','DP')",2,NOT NULL,,AT - ATIVO,,,,,,,,,,,,,,,,,,
,,,,,,,PA - PASSIVO,,,,,,,,,,,,,,,,,,
,,,,,,,PL - PATRIMONIO LIQUIDO,,,,,,,,,,,,,,,,,,
,,,,,,,RC - RECEITA,,,,,,,,,,,,,,,,,,
,,,,,,,DP - DESPESA,,,,,,,,,,,,,,,,,,
,DESCRICAO,Uma descrição da conta contábil,VARCHAR,250,NOT NULL,,,,,,,,,,,,,,,,,,,,
,,,,,,,,,,,,,,,,,,,,,,,,,
,,,,,,,,,,,,,,,,,,,,,,,,,
,,,,,,,,,,,,,,,,,,,,,,,,,
Nome da Tabela:,,MOVCONTABIL,,,,,,,,,,,,,,,,,,,,,,,
Tablespace:,,TS_CONTABIL,,,,,,,,,,,,,,,,,,,,,,,
Descrição:,,TABELA DE MOVIMENTAÇÃO CONTABIL,,,,,,,,,,,,,,,,,,,,,,,
SISTEMA DE ORIGEM:,,CONTABIL,,,,,,,,,,,,,,,,,,,,,,,
Sistemas Usuarios:,,CONTABIL,,,,,,,,,,,,,,,,,,,,,,,
,,,,,,,,,,,,,,,,,,,,,,,,,
Chave,Campo,Descrição,Tipo,Tamanho,Consistência,Observação,Formatação / Máscara,,,,,,,,,,,,,,,,,,
PK,IDMOVCONTAB,ID DO REGISTRO,INT,,AUTO_INCREMENT,,,,,,,,,,,,,,,,,,,,
,NUMELANCAM,NÚMERO DO LANCAMENTO CONTABIL,INT,,NOT NULL UNIQUE,,,,,,,,,,,,,,,,,,,,
,DATALANCAME,DATA DO LANÇAMENTO,DATE,,,,,,,,,,,,,,,,,,,,,,
FK,ID_ORDCOMP,ID DA ORDEM DE COMPRA,INT,,,FK_MOVCONTABIL_ORDEMCOMPRA,,,,,,,,,,,,,,,,,,,
FK,ID_ITEMVENDA,ID DO REGISTRO NA TABELA ITEMVENDA,INT,,,FK_MOVCONTABIL_ITEMVENDA,,,,,,,,,,,,,,,,,,,
FK,ID_PLANOCONTA,ID DO REGISTRO NO PLANO DE CONTAS,INT,,NOT NULL,FK_MOVCONTABIL_PLANOCONTA,,,,,,,,,,,,,,,,,,,
,VALDBTO,VALOR DO DÉBITO,DECIMAL,10.199999999999999,NOT NULL,,,,,,,,,,,,,,,,,,,,
,VALCDTO,VALOR DO CRÉDITO,DECIMAL,10.199999999999999,NOT NULL,,,,,,,,,,,,,,,,,,,,
,,,,,,,,,,,,,,,,,,,,,,,,,
,,,,,,,,,,,,,,,,,,,,,,,,,
,,,,,,,,,,,,,,,,,,,,,,,,,
Nome da Tabela:,,INSCRIFISCAL,,,,,,,,,,,,,,,,,,,,,,,
Tablespace:,,TS_CONTABIL,,,,,,,,,,,,,,,,,,,,,,,
Descrição:,,TABELA DE ESCRITURA FISCAL,,,,,,,,,,,,,,,,,,,,,,,
SISTEMA DE ORIGEM:,,CONTABIL,,,,,,,,,,,,,,,,,,,,,,,
Sistemas Usuarios:,,CONTABIL,,,,,,,,,,,,,,,,,,,,,,,
,,,,,,,,,,,,,,,,,,,,,,,,,
Chave,Campo,Descrição,Tipo,Tamanho,Consistência,Observação,Formatação / Máscara,,,,,,,,,,,,,,,,,,
PK,IDINSCRIFI,ID DO REGISTRO,INT,,AUTO_INCREMENT,,,,,,,,,,,,,,,,,,,,
,NUMESCFISC,NÚMERO DO REGISTRO FISCAL,INT,,NOT NULL,,,,,,,,,,,,,,,,,,,,
,DATAINSCRI,????,DATE,,NOT NULL,,,,,,,,,,,,,,,,,,,,
FK,ID_MOVCONTAB,ID DO REGISTRO DA MOVIMENTAÇÃO CONTÁBIL,INT,,NOT NULL,FK_CONTABIL_MOVCONTABIL,,,,,,,,,,,,,,,,,,,
,VALOR,VALOR TOTAL DA ESCRITURA,DECIMAL,10.199999999999999,NOT NULL,,,,,,,,,,,,,,,,,,,,
,,,,,,,,,,,,,,,,,,,,,,,,,
,,,,,,,,,,,,,,,,,,,,,,,,,
,,,,,,,,,,,,,,,,,,,,,,,,,
Nome da Tabela:,,PRODUTO,,,,,,,,,,,,,,,,,,,,,,,
Tablespace:,,TS_COMPRA,,,,,,,,,,,,,,,,,,,,,,,
Descrição:,,TABELA COM DADOS DE PRODUTOS,,,,,,,,,,,,,,,,,,,,,,,
SISTEMA DE ORIGEM:,,COMPRAS,,,,,,,,,,,,,,,,,,,,,,,
Sistemas Usuarios:,,ESTOQUE,,,,,,,,,,,,,,,,,,,,,,,
,,,,,,,,,,,,,,,,,,,,,,,,,
Chave,Campo,Descrição,Tipo,Tamanho,Consistência,Observação,Formatação / Máscara,,,,,,,,,,,,,,,,,,
PK,IDPRODUTO,ID DO REGISTRO,INT,,AUTO_INCREMENT,,,,,,,,,,,,,,,,,,,,
,NOME,NOME DO PRODUTO,VARCHAR,50,NOT NULL,IDX_PRODUTO_NOME,,,,,,,,,,,,,,,,,,,
,DESCRICAO,DESCRIÇÃO DO PRODUTO,VARCHAR,250,NOT NULL,,,,,,,,,,,,,,,,,,,,
FK,ID_UNMEDI,ID DA UNIDADE DE MEDIDA NA TABELA DOMINIO,INT,,NOT NULL,FK_PRODUTO_UNIMEDIDA,,,,,,,,,,,,,,,,,,,
,CODBARRAS,CÓDIGO DE BARRAS DO PRODUTO,VARCHAR,250,,,,,,,,,,,,,,,,,,,,,
,TEMPIDEAL,TEMPERADURA IDEAL DE ARMAZENAMENTO,DECIMAL,3.1000000000000001,,,,,,,,,,,,,,,,,,,,,
FK,ID_ALMOX,ID DO REGISTRO DO ALMOXARIFADO AO QUAL O PRODUTO PERTENCE,INT,,,FK_PRODUTO_ALMOXARIFADO,,,,,,,,,,,,,,,,,,,
,STQMAX,VALOR MÁXÍMO DE ESTOQUE PARA O PRODUTO,INT,,NOT NULL,,,,,,,,,,,,,,,,,,,,
,STQMIN,VALOR MÍNIMO DE ESTOQUE PARA O PRODUTO,INT,,NOT NULL,,,,,,,,,,,,,,,,,,,,
,PNTPEDIDO,VALOR PARA SE REALIZAR UM PEDIDO DE ABASTECIMENTO,INT,,NOT NULL,,,,,,,,,,,,,,,,,,,,
,,,,,,,,,,,,,,,,,,,,,,,,,
,,,,,,,,,,,,,,,,,,,,,,,,,
,,,,,,,,,,,,,,,,,,,,,,,,,
Nome da Tabela:,,FORNECPROD,,,,,,,,,,,,,,,,,,,,,,,
Tablespace:,,TS_COMPRA,,,,,,,,,,,,,,,,,,,,,,,
Descrição:,,TABELA DE VINCULO ENTRE FORNECEDOR E PRODUTO,,,,,,,,,,,,,,,,,,,,,,,
SISTEMA DE ORIGEM:,,COMPRAS,,,,,,,,,,,,,,,,,,,,,,,
Sistemas Usuarios:,,ESTOQUE,,,,,,,,,,,,,,,,,,,,,,,
,,,,,,,,,,,,,,,,,,,,,,,,,
Chave,Campo,Descrição,Tipo,Tamanho,Consistência,Observação,Constraint Composta,,,,,,,,,,,,,,,,,,
PK,IDFORNECPROD,ID DO REGISTRO,INT,,AUTO_INCREMENT,,,,,,,,,,,,,,,,,,,,
FK,ID_FORNECEDOR,ID DO FORNECEDOR,INT,,NOT NULL,FK_FORNECPROD_FORNECEDOR,UQ_FORNECPROD,,,,,,,,,,,,,,,,,,
FK,ID_PRODUTO,ID DO PRODUTO,INT,,NOT NULL,FK_FORNECPROD_PRODUTO,,,,,,,,,,,,,,,,,,,
,STATUS_VINC, STATUS DO FORNECEDOR,"ENUM('Ativo','Inativo')",,NOT NULL,,,,,,,,,,,,,,,,,,,,
,,,,,,,,,,,,,,,,,,,,,,,,,
,,,,,,,,,,,,,,,,,,,,,,,,,
,,,,,,,,,,,,,,,,,,,,,,,,,
Nome da Tabela:,,ESTOQUE,,,,,,,,,,,,,,,,,,,,,,,
Tablespace:,,TS_COMPRA,,,,,,,,,,,,,,,,,,,,,,,
Descrição:,,TABELA COM DADOS DE ESTOQUE DE PRODUTOS,,,,,,,,,,,,,,,,,,,,,,,
SISTEMA DE ORIGEM:,,"COMPRAS, ESTOQUE",,,,,,,,,,,,,,,,,,,,,,,
Sistemas Usuarios:,,ESTOQUE,,,,,,,,,,,,,,,,,,,,,,,
,,,,,,,,,,,,,,,,,,,,,,,,,
Chave,Campo,Descrição,Tipo,Tamanho,Consistência,Observação,Formatação / Máscara,,,,,,,,,,,,,,,,,,
PK,IDESTOQUE,ID DO REGISTRO,INT,,AUTO_INCREMENT,,,,,,,,,,,,,,,,,,,,
FK,ID_PRODUTO,ID DO PRODUTO,INT,,NOT NULL,FK_ESTOQUE_PRODUTO,,,,,,,,,,,,,,,,,,,
FK,ID_LOTE,ID DO LOTE,INT,,NOT NULL,FK_ESTOQUE_LOTE,,,,,,,,,,,,,,,,,,,
,QTDESTOQUE,QUANTIDADE EM ESTOQUE,INT,,NOT NULL,,,,,,,,,,,,,,,,,,,,
,,,,,,,,,,,,,,,,,,,,,,,,,
,,,,,,,,,,,,,,,,,,,,,,,,,
,,,,,,,,,,,,,,,,,,,,,,,,,
Nome da Tabela:,,MOVIMENTACAO,,,,,,,,,,,,,,,,,,,,,,,
Tablespace:,,TS_COMPRA,,,,,,,,,,,,,,,,,,,,,,,
Descrição:,,TABELA DE REGISTRO DE MOVIMENTAÇÃO DE PRODUTOS,,,,,,,,,,,,,,,,,,,,,,,
SISTEMA DE ORIGEM:,,ESTOQUE,,,,,,,,,,,,,,,,,,,,,,,
Sistemas Usuarios:,,ESTOQUE,,,,,,,,,,,,,,,,,,,,,,,
,,,,,,,,,,,,,,,,,,,,,,,,,
Chave,Campo,Descrição,Tipo,Tamanho,Consistência,Observação,Formatação / Máscara,,,,,,,,,,,,,,,,,,
PK,IDMOVIMENTACAO,ID DO REGISTRO,INT,,AUTO_INCREMENT,,,,,,,,,,,,,,,,,,,,
FK,ID_ESTOQUE,ID DO ESTOQUE,INT,,NOT NULL,FK_MOVIMENTACAO_ESTOQUE,,,,,,,,,,,,,,,,,,,
FK,ID_USUARIO,ID DO USUARIO,INT,,NOT NULL,FK_MOVIMENTACAO_USUARIO,,,,,,,,,,,,,,,,,,,
FK,ID_SETOR_ORIGEM,ID DO SETOR DE ORIGEM,INT,,NOT NULL,FK_MOVIMENTACAO_SETOR_O,,,,,,,,,,,,,,,,,,,
FK,ID_SETOR_DESTINO,ID DO SETOR DE DESTINO,INT,,NOT NULL,FK_MOVIMENTACAO_SETOR_D,,,,,,,,,,,,,,,,,,,
,QTDMOVIM,QUANTIDADE MOVIMENTADA,INT,,NOT NULL,,,,,,,,,,,,,,,,,,,,
,DATAMOVIM,DATA DA MOVIMENTACAO,DATE,,NOT NULL,,,,,,,,,,,,,,,,,,,,
,HORARIO,HORARIO DA MOVIMENTACAO,TIME,,,,,,,,,,,,,,,,,,,,,,
,TIPOMOVIM,TIPO DE MOVIMENTAÇÃO,"ENUM('ENTRADA', 'SAIDA')",,NOT NULL,,,,,,,,,,,,,,,,,,,,
,,,,,,,,,,,,,,,,,,,,,,,,,
,,,,,,,,,,,,,,,,,,,,,,,,,
,,,,,,,,,,,,,,,,,,,,,,,,,
Nome da Tabela:,,PRODSOLIC,,,,,,,,,,,,,,,,,,,,,,,
Tablespace:,,TS_COMPRA,,,,,,,,,,,,,,,,,,,,,,,
Descrição:,,TABELA DE PRODUTOS SOLICITADOS,,,,,,,,,,,,,,,,,,,,,,,
SISTEMA DE ORIGEM:,,ESTOQUE,,,,,,,,,,,,,,,,,,,,,,,
Sistemas Usuarios:,,ESTOQUE,,,,,,,,,,,,,,,,,,,,,,,
,,,,,,,,,,,,,,,,,,,,,,,,,
Chave,Campo,Descrição,Tipo,Tamanho,Consistência,Observação,Formatação / Máscara,,,,,,,,,,,,,,,,,,
PK,IDPRODSOLIC,ID DO REGISTRO,INT,,AUTO_INCREMENT,,,,,,,,,,,,,,,,,,,,
FK,ID_ESTOQUE,ID DO ESTOQUE,INT,,NOT NULL,FK_PRODSOLIC_ESTOQUE,,,,,,,,,,,,,,,,,,,
,ID_LISTAPRODSOL,ID DO REGISTRO LISTAPRODSOL,INT,,NOT NULL,FK_PRODSOLIC_LISTAPRODSOL,,,,,,,,,,,,,,,,,,,
,DATARETIR,DATA DA RETIRADA,DATE,,,,,,,,,,,,,,,,,,,,,,
,STATUSPRODSOL,STATUS DA SOLICITACAO DO PRODUTO,"ENUM('1','2','3','4','5')",,NOT NULL,,,,,,,,,,,,,,,,,,,,
,QTDSOLIC,QUANTIDADE DE PRODUTO SOLICITADA,INT,,NOT NULL,,,,,,,,,,,,,,,,,,,,
,QTDENTREGUE,QUANTIDADE ENTREGUE DO PRODUTO,INT,,,,,,,,,,,,,,,,,,,,,,
,QTDDISPON,QUANTIDADE DISPONÍVEL LOGICAMENTE,INT,,NOT NULL,,,,,,,,,,,,,,,,,,,,
,RESERVTEMP,INDICA SE HÁ RESERVA TEMPORARIA DE PRODUTO,BOOLEAN,,NOT NULL,,,,,,,,,,,,,,,,,,,,
,,,,,,,,,,,,,,,,,,,,,,,,,
,,,,,,,,,,,,,,,,,,,,,,,,,
,,,,,,,,,,,,,,,,,,,,,,,,,
Nome da Tabela:,,LISTAPRODSOL,,,,,,,,,,,,,,,,,,,,,,,
Tablespace:,,TS_COMPRA,,,,,,,,,,,,,,,,,,,,,,,
Descrição:,,,,,,,,,,,,,,,,,,,,,,,,,
SISTEMA DE ORIGEM:,,ESTOQUE,,,,,,,,,,,,,,,,,,,,,,,
Sistemas Usuarios:,,ESTOQUE,,,,,,,,,,,,,,,,,,,,,,,
,,,,,,,,,,,,,,,,,,,,,,,,,
Chave,Campo,Descrição,Tipo,Tamanho,Consistência,Observação,Formatação / Máscara,,,,,,,,,,,,,,,,,,
PK,IDLISTAPRODSOL,ID DO REGISTRO,INT,,AUTO_INCREMENT,,,,,,,,,,,,,,,,,,,,
FK,ID_USUARIO,ID DO USUARIO,INT,,NOT NULL,FK_LISTAPRODSOL_USUARIO,,,,,,,,,,,,,,,,,,,
,DATASOLIC,DATA DA SOLICITAÇÃO,DATE,,NOT NULL,,,,,,,,,,,,,,,,,,,,
,,,,,,,,,,,,,,,,,,,,,,,,,
,,,,,,,,,,,,,,,,,,,,,,,,,
,,,,,,,,,,,,,,,,,,,,,,,,,
Nome da Tabela:,,LISTAPRODSOLSOL,,,,,,,,,,,,,,,,,,,,,,,
Tablespace:,,TS_COMPRA,,,,,,,,,,,,,,,,,,,,,,,
Descrição:,,,,,,,,,,,,,,,,,,,,,,,,,
SISTEMA DE ORIGEM:,,ESTOQUE,,,,,,,,,,,,,,,,,,,,,,,
Sistemas Usuarios:,,ESTOQUE,,,,,,,,,,,,,,,,,,,,,,,
,,,,,,,,,,,,,,,,,,,,,,,,,
Chave,Campo,Descrição,Tipo,Tamanho,Consistência,Observação,Outras constraints,,,,,,,,,,,,,,,,,,
PK,IDLISTAPRODSOLSOL,ID DO REGISTRO,INT,,AUTO_INCREMENT,,,,,,,,,,,,,,,,,,,,
FK,ID_LISTAPRODSOL,ID DO REGISTRO LISTAPRODSOL,INT,,NOT NULL,FK_LISTAPRODSOL_LISTAPRODSOL,UQ_LISTAPRODSOLSOL,,,,,,,,,,,,,,,,,,
,ID_PRODSOLIC,ID DO REGISTRO PRODSOLIC,INT,,NOT NULL,FK_LISTAPRODSOL_PRODSOLIC,,,,,,,,,,,,,,,,,,,
,,,,,,,,,,,,,,,,,,,,,,,,,
,,,,,,,,,,,,,,,,,,,,,,,,,
,,,,,,,,,,,,,,,,,,,,,,,,,
Nome da Tabela:,,RELATMOVIM,,,,,,,,,,,,,,,,,,,,,,,
Tablespace:,,TS_COMPRA,,,,,,,,,,,,,,,,,,,,,,,
Descrição:,,TABELA DE REGISTRO DE EMISSÃO DE RELATÓRIOS,,,,,,,,,,,,,,,,,,,,,,,
SISTEMA DE ORIGEM:,,ESTOQUE,,,,,,,,,,,,,,,,,,,,,,,
Sistemas Usuarios:,,ESTOQUE,,,,,,,,,,,,,,,,,,,,,,,
,,,,,,,,,,,,,,,,,,,,,,,,,
Chave,Campo,Descrição,Tipo,Tamanho,Consistência,Observação,Formatação / Máscara,,,,,,,,,,,,,,,,,,
PK,IDRELATMOVIM,ID DO REGISTRO,INT,,AUTO_INCREMENT,,,,,,,,,,,,,,,,,,,,
,DATAEMIS,DATA DE EMISSÃO DO RELATÓRIO,DATE,,NOT NULL,,,,,,,,,,,,,,,,,,,,
,DATAFIM,DATA FINAL DE COMPETÊNCIA DO RELATÓRIO,DATE,,NOT NULL,,,,,,,,,,,,,,,,,,,,
,DATAINIC,DATA INICIO DE COMPETÊNCIA DO RELATÓRIO,DATE,,NOT NULL,,,,,,,,,,,,,,,,,,,,
,TITUREL,TITULO DO RELATÓRIO,VARCHAR,100,NOT NULL,,,,,,,,,,,,,,,,,,,,
FK,ID_USUARIO,ID DO USUÁRIO QUE SOLICITOU,INT,,NOT NULL,FK_RELATMOVIM_USUARIO,,,,,,,,,,,,,,,,,,,
,,,,,,,,,,,,,,,,,,,,,,,,,
,,,,,,,,,,,,,,,,,,,,,,,,,
,,,,,,,,,,,,,,,,,,,,,,,,,
Nome da Tabela:,,RELATMOVIMMOVIM,,,,,,,,,,,,,,,,,,,,,,,
Tablespace:,,TS_COMPRA,,,,,,,,,,,,,,,,,,,,,,,
Descrição:,,TABELA DE VINCULO ENTRE EMISSÃO DE RELATÓRIOS E MOVIMENTAÇÃO,,,,,,,,,,,,,,,,,,,,,,,
SISTEMA DE ORIGEM:,,ESTOQUE,,,,,,,,,,,,,,,,,,,,,,,
Sistemas Usuarios:,,ESTOQUE,,,,,,,,,,,,,,,,,,,,,,,
,,,,,,,,,,,,,,,,,,,,,,,,,
Chave,Campo,Descrição,Tipo,Tamanho,Consistência,Observação,Formatação / Máscara,,,,,,,,,,,,,,,,,,
PK,IDRELATMOVIMMOVIM,ID DO REGISTRO,INT,,AUTO_INCREMENT,,,,,,,,,,,,,,,,,,,,
FK,ID_RELATMOVIM,ID DO REGISTRO RELATMOVIM,INT,,NOT NULL,FK_RELATMOVIMMOVIM_RELATMOVIM,,,,,,,,,,,,,,,,,,,
FK,ID_MOVIMENTACAO,ID DO REGISTRO DA MOVIMENTACAO,INT,,NOT NULL,FK_RELATMOVIMMOVIM_MOVIMENTACAO,,,,,,,,,,,,,,,,,,,
,,,,,,,,,,,,,,,,,,,,,,,,,
,,,,,,,,,,,,,,,,,,,,,,,,,
,,,,,,,,,,,,,,,,,,,,,,,,,
Nome da Tabela:,,MOVPRODSOL,,,,,,,,,,,,,,,,,,,,,,,
Tablespace:,,TS_COMPRA,,,,,,,,,,,,,,,,,,,,,,,
Descrição:,,TABELA DE REGISTRO DE EMISSÃO DE RELATÓRIOS,,,,,,,,,,,,,,,,,,,,,,,
SISTEMA DE ORIGEM:,,ESTOQUE,,,,,,,,,,,,,,,,,,,,,,,
Sistemas Usuarios:,,ESTOQUE,,,,,,,,,,,,,,,,,,,,,,,
,,,,,,,,,,,,,,,,,,,,,,,,,
Chave,Campo,Descrição,Tipo,Tamanho,Consistência,Observação,Formatação / Máscara,,,,,,,,,,,,,,,,,,
PK,IDMOVPRODSOL,ID DO REGISTRO,INT,,AUTO_INCREMENT,,,,,,,,,,,,,,,,,,,,
FK,ID_LISTAPRODSOL,ID DA LISTA DE PRODUTOS SOLICITADOS,INT,,NOT NULL,FK_MOVPRODSOL_LISTAPRODSOL,,,,,,,,,,,,,,,,,,,
FK,ID_MOVIMENTACAO,ID DA MOVIMENTACAO,INT,,NOT NULL,FK_MOVPRODSOL_MOVIMENTACAO,,,,,,,,,,,,,,,,,,,
FK,ID_PRODSOLIC,ID DO REGISTRO DE PRODUTO SOLICITADO,INT,,NOT NULL,FK_MOVPRODSOL_PRODSOLIC,,,,,,,,,,,,,,,,,,,
,,,,,,,,,,,,,,,,,,,,,,,,,
,,,,,,,,,,,,,,,,,,,,,,,,,
,,,,,,,,,,,,,,,,,,,,,,,,,
Nome da Tabela:,,UNIMEDIDA,,,,,,,,,,,,,,,,,,,,,,,
Tablespace:,,TS_COMPRA,,,,,,,,,,,,,,,,,,,,,,,
Descrição:,,TABELA PARA CADASTRO DE UNIDADES DE MEDIDA,,,,,,,,,,,,,,,,,,,,,,,
SISTEMA DE ORIGEM:,,COMPRAS,,,,,,,,,,,,,,,,,,,,,,,
Sistemas Usuarios:,,ESTOQUE,,,,,,,,,,,,,,,,,,,,,,,
,,,,,,,,,,,,,,,,,,,,,,,,,
Chave,Campo,Descrição,Tipo,Tamanho,Consistência,Observação,Formatação / Máscara,,,,,,,,,,,,,,,,,,
PK,IDUNMEDI,ID DO REGISTRO,INT,,AUTO_INCREMENT,,,,,,,,,,,,,,,,,,,,
,DESCRICAO,DESCRIÇÃO DA UNIDADE,VARCHAR,50,NOT NULL,,,,,,,,,,,,,,,,,,,,
,UNIABREV,ABREVEAÇÃO DA UNIDADE DE MEDIDA,CHAR,3,NOT NULL UNIQUE,,,,,,,,,,,,,,,,,,,,
,,,,,,,,,,,,,,,,,,,,,,,,,
,,,,,,,,,,,,,,,,,,,,,,,,,
,,,,,,,,,,,,,,,,,,,,,,,,,
Nome da Tabela:,,FORNECEDOR,,,,,,,,,,,,,,,,,,,,,,,
Tablespace:,,TS_COMPRA,,,,,,,,,,,,,,,,,,,,,,,
Descrição:,,TABELA DE CADASTRO DE FORNECEDOR,,,,,,,,,,,,,,,,,,,,,,,
SISTEMA DE ORIGEM:,,COMPRAS,,,,,,,,,,,,,,,,,,,,,,,
Sistemas Usuarios:,,ESTOQUE,,,,,,,,,,,,,,,,,,,,,,,
,,,,,,,,,,,,,,,,,,,,,,,,,
Chave,Campo,Descrição,Tipo,Tamanho,Consistência,Observação,Formatação / Máscara,,,,,,,,,,,,,,,,,,
PK,IDFORNECEDOR,ID DO REGISTRO,INT,,AUTO_INCREMENT,,,,,,,,,,,,,,,,,,,,
FK,ID_PESSOA,ID DO REGISTRO DE PESSOA GENERICA,INT,,NOT NULL UNIQUE,FK_FORNECEDOR_PESSOA,,,,,,,,,,,,,,,,,,,
,REPRESENT,NOME DO RESPONSÁVEL POR TRATAR DE NEGOCIOS COM A CLÍNICA,VARCHAR,100,,,,,,,,,,,,,,,,,,,,,
,CONTREPRE,CONTATO DO REPRESENTANTE,CHAR,14,,,,,,,,,,,,,,,,,,,,,
,DESCRICAO,"DESCRIÇÃO SOBRE PRODUTOS, PRAZOS, ETC",VARCHAR,250,,,,,,,,,,,,,,,,,,,,,
,,,,,,,,,,,,,,,,,,,,,,,,,
,,,,,,,,,,,,,,,,,,,,,,,,,
,,,,,,,,,,,,,,,,,,,,,,,,,
Nome da Tabela:,,ORDEMCOMPRA,,,,,,,,,,,,,,,,,,,,,,,
Tablespace:,,TS_COMPRA,,,,,,,,,,,,,,,,,,,,,,,
Descrição:,,TABELA DE CADASTRO DE ORDENS DE COMPRAS,,,,,,,,,,,,,,,,,,,,,,,
SISTEMA DE ORIGEM:,,COMPRAS,,,,,,,,,,,,,,,,,,,,,,,
Sistemas Usuarios:,,ESTOQUE,,,,,,,,,,,,,,,,,,,,,,,
,,,,,,,,,,,,,,,,,,,,,,,,,
Chave,Campo,Descrição,Tipo,Tamanho,Consistência,Observação,Formatação / Máscara,,,,,,,,,,,,,,,,,,
PK,IDORDCOMP,ID DO REGISTRO,INT,,AUTO_INCREMENT,,,,,,,,,,,,,,,,,,,,
,STATUSORD,STATUS DA ORDEM DE COMPRAS,"ENUM('PEND', 'ANDA', 'CONC')",,NOT NULL,,,,,,,,,,,,,,,,,,,,
,VALOR,VALOR TOTAL DA ORDEM DE COMPRA,DECIMAL,10.199999999999999,NOT NULL,,,,,,,,,,,,,,,,,,,,
,DATAPREV,DATA DA PEVISÃO DE ENTREGA,DATE,,NOT NULL,,,,,,,,,,,,,,,,,,,,
,DATAORDEM,DATA EM QUE A ORDEM FOI RECEBIDA,DATE,,NOT NULL,,,,,,,,,,,,,,,,,,,,
,DATAENTRE,DATA DE ENTREGA DO PRODUTO,DATE,,,,,,,,,,,,,,,,,,,,,,
,,,,,,,,,,,,,,,,,,,,,,,,,
,,,,,,,,,,,,,,,,,,,,,,,,,
,,,,,,,,,,,,,,,,,,,,,,,,,
Nome da Tabela:,,ITEM_ORDCOMP,,,,,,,,,,,,,,,,,,,,,,,
Tablespace:,,TS_COMPRA,,,,,,,,,,,,,,,,,,,,,,,
Descrição:,,TABELA DE ITENS DE ORDENS DE COMPRAS,,,,,,,,,,,,,,,,,,,,,,,
SISTEMA DE ORIGEM:,,COMPRAS,,,,,,,,,,,,,,,,,,,,,,,
Sistemas Usuarios:,,ESTOQUE,,,,,,,,,,,,,,,,,,,,,,,
,,,,,,,,,,,,,,,,,,,,,,,,,
Chave,Campo,Descrição,Tipo,Tamanho,Consistência,Observação,Formatação / Máscara,,,,,,,,,,,,,,,,,,
PK,IDITEMORD,ID DO REGISTRO,INT,,AUTO_INCREMENT,,,,,,,,,,,,,,,,,,,,
FK,ID_ORDCOMP,ID DA ORDEM DE COMPRAS,INT,,NOT NULL,FK_ITEMORDCOMP_ORDEMCOMPRA,,,,,,,,,,,,,,,,,,,
FK,ID_PRODUTO,ID DO PRODUTO,INT,,NOT NULL,FK_ITEMORDCOMP_PRODUTO,,,,,,,,,,,,,,,,,,,
,QNTD,QUANTIDADE DO PRODUTO,INT,,NOT NULL,,,,,,,,,,,,,,,,,,,,
,VALOR,VALOR UNITÁRIO DO ITEM,DECIMAL,10.199999999999999,NOT NULL,,,,,,,,,,,,,,,,,,,,
,DATAVENC,DATA DE VENCIMENTO DO PRODUTO,DATE,,NOT NULL,,,,,,,,,,,,,,,,,,,,
,,,,,,,,,,,,,,,,,,,,,,,,,
,,,,,,,,,,,,,,,,,,,,,,,,,
,,,,,,,,,,,,,,,,,,,,,,,,,
Nome da Tabela:,,LOTE,,,,,,,,,,,,,,,,,,,,,,,
Tablespace:,,TS_COMPRA,,,,,,,,,,,,,,,,,,,,,,,
Descrição:,,TABELA DE CADASTRO DE LOTES,,,,,,,,,,,,,,,,,,,,,,,
SISTEMA DE ORIGEM:,,COMPRAS,,,,,,,,,,,,,,,,,,,,,,,
Sistemas Usuarios:,,ESTOQUE,,,,,,,,,,,,,,,,,,,,,,,
,,,,,,,,,,,,,,,,,,,,,,,,,
Chave,Campo,Descrição,Tipo,Tamanho,Consistência,Observação,Formatação / Máscara,,,,,,,,,,,,,,,,,,
PK,IDLOTE,ID DO REGISTRO,INT,,AUTO_INCREMENT,,,,,,,,,,,,,,,,,,,,
FK,ID_ORDCOMP,ID DA ORDEM DE COMPRA,INT,,NOT NULL,FK_LOTE_ORDEMCOMPRA,,,,,,,,,,,,,,,,,,,
,DATAVENC,DATA DE VENCIMENTO DOS PRODUTOS DO LOTE,DATE,,NOT NULL,,,,,,,,,,,,,,,,,,,,
,QNTD,QUANTIDADE DE PRODUTO,INT,,NOT NULL,,,,,,,,,,,,,,,,,,,,
,,,,,,,,,,,,,,,,,,,,,,,,,
,,,,,,,,,,,,,,,,,,,,,,,,,
,,,,,,,,,,,,,,,,,,,,,,,,,
Nome da Tabela:,,ALMOXARIFADO,,,,,,,,,,,,,,,,,,,,,,,
Tablespace:,,TS_COMPRA,,,,,,,,,,,,,,,,,,,,,,,
Descrição:,,TABELA DE CADASTRO DE ALMOXARIFADOS,,,,,,,,,,,,,,,,,,,,,,,
SISTEMA DE ORIGEM:,,COMPRAS,,,,,,,,,,,,,,,,,,,,,,,
Sistemas Usuarios:,,ESTOQUE,,,,,,,,,,,,,,,,,,,,,,,
,,,,,,,,,,,,,,,,,,,,,,,,,
Chave,Campo,Descrição,Tipo,Tamanho,Consistência,Observação,Formatação / Máscara,,,,,,,,,,,,,,,,,,
PK,IDALMOX,ID DO REGISTRO,INT,,AUTO_INCREMENT,,,,,,,,,,,,,,,,,,,,
FK,ID_SETOR,ID DO SETOR COM PERMISSÃO DE ACESSO AO ALMOXARIFADO,INT,,NOT NULL,FK_ALMOXARIFADO_SETOR,,,,,,,,,,,,,,,,,,,
,NOMEALMO,NOME DO ALMOXARIFADO,VARCHAR,100,NOT NULL UNIQUE,,,,,,,,,,,,,,,,,,,,
,,,,,,,,,,,,,,,,,,,,,,,,,
,,,,,,,,,,,,,,,,,,,,,,,,,
,,,,,,,,,,,,,,,,,,,,,,,,,
Nome da Tabela:,,SETOR,,,,,,,,,,,,,,,,,,,,,,,
Tablespace:,,TS_COMPRA,,,,,,,,,,,,,,,,,,,,,,,
Descrição:,,TABELA DE CADASTRO DE SETORES,,,,,,,,,,,,,,,,,,,,,,,
SISTEMA DE ORIGEM:,,COMPRAS,,,,,,,,,,,,,,,,,,,,,,,
Sistemas Usuarios:,,ESTOQUE,,,,,,,,,,,,,,,,,,,,,,,
,,,,,,,,,,,,,,,,,,,,,,,,,
Chave,Campo,Descrição,Tipo,Tamanho,Consistência,Observação,Formatação / Máscara,,,,,,,,,,,,,,,,,,
PK,IDSETOR,ID DO REGISTRO,INT,,AUTO_INCREMENT,,,,,,,,,,,,,,,,,,,,
FK,ID_PROFISSIO,ID DO PROFISSIONAL RESPONSÁVEL PELO SETOR,INT,,NOT NULL,FK_SETOR_PROFISSIO,,,,,,,,,,,,,,,,,,,
,NOMESETOR,NOME DO SETOR,VARCHAR,50,NOT NULL UNIQUE,,,,,,,,,,,,,,,,,,,,
,,,,,,,,,,,,,,,,,,,,,,,,,
,,,,,,,,,,,,,,,,,,,,,,,,,
,,,,,,,,,,,,,,,,,,,,,,,,,
Nome da Tabela:,,REGSOLIC,,,,,,,,,,,,,,,,,,,,,,,
Tablespace:,,TS_COMPRA,,,,,,,,,,,,,,,,,,,,,,,
Descrição:,,TABELA DE REGISTROS DE SOLICITAÇÃO,,,,,,,,,,,,,,,,,,,,,,,
SISTEMA DE ORIGEM:,,COMPRAS,,,,,,,,,,,,,,,,,,,,,,,
Sistemas Usuarios:,,ESTOQUE,,,,,,,,,,,,,,,,,,,,,,,
,,,,,,,,,,,,,,,,,,,,,,,,,
Chave,Campo,Descrição,Tipo,Tamanho,Consistência,Observação,Formatação / Máscara,,,,,,,,,,,,,,,,,,
PK,IDREGSOLIC,ID DO REGISTRO,INT,,AUTO_INCREMENT,,,,,,,,,,,,,,,,,,,,
FK,ID_PROFISSIO,ID DO PROFISSIONAL SOLICITANTE,INT,,NOT NULL,FK_REGSOLIC_PROFISSIO,,,,,,,,,,,,,,,,,,,
,DATASOLIC,DATA DA SOLICITAÇÃO,DATE,,NOT NULL,,,,,,,,,,,,,,,,,,,,
FK,ID_SETOR,SETOR ORIGEM DA SOLICITAÇÃO,INT,,NOT NULL,FK_REGSOLIC_SETOR,,,,,,,,,,,,,,,,,,,
,,,,,,,,,,,,,,,,,,,,,,,,,
,,,,,,,,,,,,,,,,,,,,,,,,,
,,,,,,,,,,,,,,,,,,,,,,,,,
Nome da Tabela:,,ITEMSOLIC,,,,,,,,,,,,,,,,,,,,,,,
Tablespace:,,TS_COMPRA,,,,,,,,,,,,,,,,,,,,,,,
Descrição:,,TABELA DE ITENS DAS SOLICITAÇÕES,,,,,,,,,,,,,,,,,,,,,,,
SISTEMA DE ORIGEM:,,COMPRAS,,,,,,,,,,,,,,,,,,,,,,,
Sistemas Usuarios:,,ESTOQUE,,,,,,,,,,,,,,,,,,,,,,,
,,,,,,,,,,,,,,,,,,,,,,,,,
Chave,Campo,Descrição,Tipo,Tamanho,Consistência,Observação,Formatação / Máscara,,,,,,,,,,,,,,,,,,
PK,IDITEMSOLIC,ID DO REGISTRO,INT,,AUTO_INCREMENT,,,,,,,,,,,,,,,,,,,,
FK,ID_REGSOLIC,ID DO REGISTRO DE SOLICITAÇÃO,INT ,,NOT NULL,FK_ITEMSOLIC_REGSOLIC,,,,,,,,,,,,,,,,,,,
FK,ID_PRODUTO,ID DO PRODUTO,INT,,NOT NULL,FK_ITEMSOLIC_PRODUTO,,,,,,,,,,,,,,,,,,,
,QNTD,QUANTIDADE SOLICITADA,INT,,NOT NULL,,,,,,,,,,,,,,,,,,,,
,,,,,,,,,,,,,,,,,,,,,,,,,
,,,,,,,,,,,,,,,,,,,,,,,,,
,,,,,,,,,,,,,,,,,,,,,,,,,
Nome da Tabela:,,COTACAO,,,,,,,,,,,,,,,,,,,,,,,
Tablespace:,,TS_COMPRA,,,,,,,,,,,,,,,,,,,,,,,
Descrição:,,TABELA DE COTAÇÕES,,,,,,,,,,,,,,,,,,,,,,,
SISTEMA DE ORIGEM:,,COMPRAS,,,,,,,,,,,,,,,,,,,,,,,
Sistemas Usuarios:,,ESTOQUE,,,,,,,,,,,,,,,,,,,,,,,
,,,,,,,,,,,,,,,,,,,,,,,,,
Chave,Campo,Descrição,Tipo,Tamanho,Consistência,Observação,Formatação / Máscara,,,,,,,,,,,,,,,,,,
PK,IDCOTACAO,ID DO REGISTRO,INT,,AUTO_INCREMENT,,,,,,,,,,,,,,,,,,,,
FK,ID_ITEMSOLIC,ID DO REGISTRO DE ITEMS DE SOLICITAÇÃO,INT ,,NOT NULL,FK_COTACAO_ITEMSOLIC,,,,,,,,,,,,,,,,,,,
FK,ID_REGSOLIC,ID DO REGISTRO DE SOLITAÇÃO,INT,,NOT NULL,FK_COTACAO_REGSOLIC,,,,,,,,,,,,,,,,,,,
FK,ID_FORNECEDOR,ID DO REGISTRO DE FORNECEDOR,INT,,NOT NULL,FK_COTACAO_FORNECEDOR,,,,,,,,,,,,,,,,,,,
,VALORCOT,VALOR DA COTAÇÃO,DECIMAL,10.199999999999999,NOT NULL,,,,,,,,,,,,,,,,,,,,
,OBSERVACAO,ALGUMA OBSERVAÇÃO SOBRE A COTAÇÃO,VARCHAR,250,,,,,,,,,,,,,,,,,,,,,
,STATUSCOT,STATUS DA COTAÇÃO,"ENUM('PENDENTE', 'APROVADO', 'NEGADO')",,NOT NULL DEFAULT 'PENDENTE',,,,,,,,,,,,,,,,,,,,
,MOTNEG,MOTIVO EM CASO DE NEGAÇÃO,VARCHAR,250,,,,,,,,,,,,,,,,,,,,,
,,,,,,,,,,,,,,,,,,,,,,,,,
,,,,,,,,,,,,,,,,,,,,,,,,,
,,,,,,,,,,,,,,,,,,,,,,,,,
Nome da Tabela:,,SETORUSUA,,,,,,,,,,,,,,,,,,,,,,,
Tablespace:,,TS_COMPRA,,,,,,,,,,,,,,,,,,,,,,,
Descrição:,,TABELA DE LIGAÇÃO ENTRE O USUÁRIO E SEUS SETORES,,,,,,,,,,,,,,,,,,,,,,,
SISTEMA DE ORIGEM:,,COMPRAS,,,,,,,,,,,,,,,,,,,,,,,
Sistemas Usuarios:,,ESTOQUE,,,,,,,,,,,,,,,,,,,,,,,
,,,,,,,,,,,,,,,,,,,,,,,,,
Chave,Campo,Descrição,Tipo,Tamanho,Consistência,Observação,Formatação / Máscara,,,,,,,,,,,,,,,,,,
PK,IDSETUSUA,ID DO REGISTRO,INT,,AUTO_INCREMENT,,,,,,,,,,,,,,,,,,,,
FK,ID_USUARIO,ID DO REGISTRO DE USUARIO,INT ,,NOT NULL,FK_SETORUSUA_USUARIO,,,,,,,,,,,,,,,,,,,
FK,ID_SETOR,ID DO RESGITRO DE SETOR,INT,,NOT NULL,FK_SETORUSUA_SETOR,,,,,,,,,,,,,,,,,,,
,,,,,,,,,,,,,,,,,,,,,,,,,
,,,,,,,,,,,,,,,,,,,,,,,,,
,,,,,,,,,,,,,,,,,,,,,,,,,
Nome da Tabela:,,EQUIPAMENTO,,,,,,,,,,,,,,,,,,,,,,,
Tablespace:,,TS_ESTETCOSME,,,,,,,,,,,,,,,,,,,,,,,
Descrição:,,TABELA DE CADASTRO DE EQUIPAMENTOS,,,,,,,,,,,,,,,,,,,,,,,
SISTEMA DE ORIGEM:,,ESTÉTICA E COSMETOLOGIA,,,,,,,,,,,,,,,,,,,,,,,
Sistemas Usuarios:,,ESTÉTICA E COSMETOLOGIA,,,,,,,,,,,,,,,,,,,,,,,
,,,,,,,,,,,,,,,,,,,,,,,,,
Chave,Campo,Descrição,Tipo,Tamanho,Consistência,Observação,Formatação / Máscara,,,,,,,,,,,,,,,,,,
PK,IDEQUIPA,ID DO REGISTRO,INT,,AUTO_INCREMENT,,,,,,,,,,,,,,,,,,,,
,NOMEQUIPA,NOME DO EQUIPAMENTO,VARCHAR,50,NOT NULL,,,,,,,,,,,,,,,,,,,,
FK,ID_SETOR,SETOR DO EQUIPAMENTO,INT,,NOT NULL,FK_EQUIPAMENTO_SETOR,,,,,,,,,,,,,,,,,,,
,,,,,,,,,,,,,,,,,,,,,,,,,
,,,,,,,,,,,,,,,,,,,,,,,,,
,,,,,,,,,,,,,,,,,,,,,,,,,
Nome da Tabela:,,MANUTEQUIPA,,,,,,,,,,,,,,,,,,,,,,,
Tablespace:,,TS_ESTETCOSME,,,,,,,,,,,,,,,,,,,,,,,
Descrição:,,TABELA DE REGISTRO DE MANUTENÇÕES EM EQUIPAMENTOS,,,,,,,,,,,,,,,,,,,,,,,
SISTEMA DE ORIGEM:,,ESTÉTICA E COSMETOLOGIA,,,,,,,,,,,,,,,,,,,,,,,
Sistemas Usuarios:,,ESTÉTICA E COSMETOLOGIA,,,,,,,,,,,,,,,,,,,,,,,
,,,,,,,,,,,,,,,,,,,,,,,,,
Chave,Campo,Descrição,Tipo,Tamanho,Consistência,Observação,Formatação / Máscara,,,,,,,,,,,,,,,,,,
PK,IDMANUTEQUIPA,ID DO REGISTRO,INT,,AUTO_INCREMENT,,,,,,,,,,,,,,,,,,,,
FK,ID_EQUIPA,ID DO EQUIPAMENTO,INT,,NOT NULL,FK_MANUTEQUIPA_EQUIPAMENTO,,,,,,,,,,,,,,,,,,,
,NOMETEC,NOME DO TÉCNICO QUE REALIZOU A MANUTENÇÃO,VARCHAR,100,,,,,,,,,,,,,,,,,,,,,
,CUSTOMANUT,CUSTO DA MANUTENÇÃO,DECIMAL,10.199999999999999,,,,,,,,,,,,,,,,,,,,,
,STATUSMANU,STATUS DA MANUTENÇÃO,"ENUM('1','2','3')",4,NOT NULL,"1 - PENDENTE
2 - ANDAMENTO
3 - CONCLUIDA",,,,,,,,,,,,,,,,,,,
,ID_IDDOCUMENTO,IDO DO DOCUMENTO,BIGINT,14,NOT NULL,"1 - PENDENTE
2 - ANDAMENTO
3 - CONCLUIDA",,,,,,,,,,,,,,,,,,,
,,,,,,,,,,,,,,,,,,,,,,,,,
,,,,,,,,,,,,,,,,,,,,,,,,,
,,,,,,,,,,,,,,,,,,,,,,,,,
Nome da Tabela:,,ANAMNESE,,,,,,,,,,,,,,,,,,,,,,,
Tablespace:,,TS_ENFERMAGEM,,,,,,,,,,,,,,,,,,,,,,,
Descrição:,,TABELA DE ANAMNESE DE ENFERMAGEM,,,,,,,,,,,,,,,,,,,,,,,
SISTEMA DE ORIGEM:,,ENFERMAGEM,,,,,,,,,,,,,,,,,,,,,,,
Sistemas Usuarios:,,"ENFERMAGEM, FISIOTERAPIA, ODONTOLOGIA",,,,,,,,,,,,,,,,,,,,,,,
,,,,,,,,,,,,,,,,,,,,,,,,,
Chave,Campo,Descrição,Tipo,Tamanho,Consistência,Observação,Formatação / Máscara,,,,,,,,,,,,,,,,,,
PK,IDANAMNESE,ID DO REGISTRO,INT,,AUTO_INCREMENT,,,,,,,,,,,,,,,,,,,,
FK,ID_PACIENTE,ID DO PACIENTE,INT,,NOT NULL,FK_ANAMNESE_PACIENTE,,,,,,,,,,,,,,,,,,,
FK,ID_PROFISSIO,ID DO PROFISSIONAL,INT,,NOT NULL,FK_ANAMNESE_PROFISSIONAL,,,,,,,,,,,,,,,,,,,
,DATAANAM,DATA E HORA DA ANAMNESE,DATETIME,,NOT NULL,,,,,,,,,,,,,,,,,,,,
,AUTVISIB,AUTORIZAÇÃO DE VISIBILIDADE,BOOLEAN,,NOT NULL,,,,,,,,,,,,,,,,,,,,
,STATUSANM,STATUS DA ANAMNESE,"ENUM(
'APROVADO'
,'REPROVADO'
,'CANCELADO'
)",,NOT NULL,,,,,,,,,,,,,,,,,,,,
,STATUSFUNC,STATUS FUNCIONAL DA ANAMNESE,BOOLEAN,,NOT NULL,,,,,,,,,,,,,,,,,,,,
,OBSERVACOES,OBSERVASOES ADICIONAIS,TEXT,,,,,,,,,,,,,,,,,,,,,,
,,,,,,,,,,,,,,,,,,,,,,,,,
,,,,,,,,,,,,,,,,,,,,,,,,,
,,,,,,,,,,,,,,,,,,,,,,,,,
Nome da Tabela:,,PERGUNTA,,,,,,,,,,,,,,,,,,,,,,,
Tablespace:,,TS_ENFERMAGEM,,,,,,,,,,,,,,,,,,,,,,,
Descrição:,,TABELA DE PERGUNTAS DE ANAMNESE,,,,,,,,,,,,,,,,,,,,,,,
SISTEMA DE ORIGEM:,,ENFERMAGEM,,,,,,,,,,,,,,,,,,,,,,,
Sistemas Usuarios:,,"ENFERMAGEM, FISIOTERAPIA, ODONTOLOGIA",,,,,,,,,,,,,,,,,,,,,,,
,,,,,,,,,,,,,,,,,,,,,,,,,
Chave,Campo,Descrição,Tipo,Tamanho,Consistência,Observação,Formatação / Máscara,,,,,,,,,,,,,,,,,,
PK,IDPERGUNTA,ID DO REGISTRO,INT,,AUTO_INCREMENT,,,,,,,,,,,,,,,,,,,,
,PERGUNTA,TEXTO DA PERGUNTA,VARCHAR,255,NOT NULL UNIQUE,IDX_PERGUNTA_PERGUNTA,,,,,,,,,,,,,,,,,,,
,TIPO,TIPO DA PERGUNTA (OBJETIVA OU SUBJETIVA),"ENUM('O','S','A')",,NOT NULL,,O - OBJETIVA,,,,,,,,,,,,,,,,,,
,,,,,,,S - SUBJETIVA,,,,,,,,,,,,,,,,,,
,,,,,,,A - AMBAS,,,,,,,,,,,,,,,,,,
,,,,,,,,,,,,,,,,,,,,,,,,,
,,,,,,,,,,,,,,,,,,,,,,,,,
,,,,,,,,,,,,,,,,,,,,,,,,,
Nome da Tabela:,,MODULO,,,,,,,,,,,,,,,,,,,,,,,
Tablespace:,,TS_ENFERMAGEM,,,,,,,,,,,,,,,,,,,,,,,
Descrição:,,TABELA DE MODULOS DO SISTEMA,,,,,,,,,,,,,,,,,,,,,,,
SISTEMA DE ORIGEM:,,ENFERMAGEM,,,,,,,,,,,,,,,,,,,,,,,
Sistemas Usuarios:,,"ENFERMAGEM, FISIOTERAPIA, ODONTOLOGIA",,,,,,,,,,,,,,,,,,,,,,,
,,,,,,,,,,,,,,,,,,,,,,,,,
Chave,Campo,Descrição,Tipo,Tamanho,Consistência,Observação,Formatação / Máscara,,,,,,,,,,,,,,,,,,
PK,IDMODULO,ID DO REGISTRO,INT,,AUTO_INCREMENT,,,,,,,,,,,,,,,,,,,,
,MODULO,NOME DO MODULO,VARCHAR,50,NOT NULL UNIQUE,,,,,,,,,,,,,,,,,,,,
,,,,,,,,,,,,,,,,,,,,,,,,,
,,,,,,,,,,,,,,,,,,,,,,,,,
,,,,,,,,,,,,,,,,,,,,,,,,,
Nome da Tabela:,,PERGMODU,,,,,,,,,,,,,,,,,,,,,,,
Tablespace:,,TS_ENFERMAGEM,,,,,,,,,,,,,,,,,,,,,,,
Descrição:,,TABELA DE VINCULO ENTRE PERGUNTA E MODULO,,,,,,,,,,,,,,,,,,,,,,,
SISTEMA DE ORIGEM:,,ENFERMAGEM,,,,,,,,,,,,,,,,,,,,,,,
Sistemas Usuarios:,,"ENFERMAGEM, FISIOTERAPIA, ODONTOLOGIA",,,,,,,,,,,,,,,,,,,,,,,
,,,,,,,,,,,,,,,,,,,,,,,,,
Chave,Campo,Descrição,Tipo,Tamanho,Consistência,Observação,Formatação / Máscara,,,,,,,,,,,,,,,,,,
PK,IDPERGMODU,ID DO REGISTRO,INT,,AUTO_INCREMENT,,,,,,,,,,,,,,,,,,,,
,ID_MODULO,ID DO MODULO,INT,,NOT NULL,FK_PERGMODU_MODULO,,,,,,,,,,,,,,,,,,,
,ID_PERGUNTA,ID DA PERGUNTA,INT,,NOT NULL,FK_PERGMODU_PERGUNTA,,,,,,,,,,,,,,,,,,,
,,,,,,,,,,,,,,,,,,,,,,,,,
,,,,,,,,,,,,,,,,,,,,,,,,,
,,,,,,,,,,,,,,,,,,,,,,,,,
Nome da Tabela:,,RESPOSTA,,,,,,,,,,,,,,,,,,,,,,,
Tablespace:,,TS_ENFERMAGEM,,,,,,,,,,,,,,,,,,,,,,,
Descrição:,,TABELA DE RESPOSTAS DE ANAMNESE,,,,,,,,,,,,,,,,,,,,,,,
SISTEMA DE ORIGEM:,,ENFERMAGEM,,,,,,,,,,,,,,,,,,,,,,,
Sistemas Usuarios:,,"ENFERMAGEM, FISIOTERAPIA, ODONTOLOGIA",,,,,,,,,,,,,,,,,,,,,,,
,,,,,,,,,,,,,,,,,,,,,,,,,
Chave,Campo,Descrição,Tipo,Tamanho,Consistência,Observação,Formatação / Máscara,,,,,,,,,,,,,,,,,,
PK,IDRESPOSTA,ID DO REGISTRO,INT,,AUTO_INCREMENT,,,,,,,,,,,,,,,,,,,,
FK,ID_PERGUNTA,ID DA PERGUNTA,INT,,NOT NULL,FK_RESPOSTA_PERGUNTA,,,,,,,,,,,,,,,,,,,
FK,ID_ANAMNESE,ID DA ANAMNESE,INT,,NOT NULL,FK_RESPOSTA_ANAMNESE,,,,,,,,,,,,,,,,,,,
,RESPSUBJET,RESPOSTA SUBJETIVA (SE PRECISAR),TEXT,,,,,,,,,,,,,,,,,,,,,,
,RESPOBJET,RESPOSTA OBJETIVA,BOOLEAN,,,,,,,,,,,,,,,,,,,,,,
,,,,,,,,,,,,,,,,,,,,,,,,,
,,,,,,,,,,,,,,,,,,,,,,,,,
,,,,,,,,,,,,,,,,,,,,,,,,,
Nome da Tabela:,,PROCPRESC,,,,,,,,,,,,,,,,,,,,,,,
Tablespace:,,TS_FISIOTERAPIA,,,,,,,,,,,,,,,,,,,,,,,
Descrição:,,TABELA DE PRESCRIÇÃO DE PROCEDIMENTOS,,,,,,,,,,,,,,,,,,,,,,,
SISTEMA DE ORIGEM:,,FISIOTERAPIA,,,,,,,,,,,,,,,,,,,,,,,
Sistemas Usuarios:,,FISIOTERAPIA,,,,,,,,,,,,,,,,,,,,,,,
,,,,,,,,,,,,,,,,,,,,,,,,,
Chave,Campo,Descrição,Tipo,Tamanho,Consistência,Observação,Formatação / Máscara,,,,,,,,,,,,,,,,,,
PK,IDPROCPRESC,ID DO REGISTRO,INT,,AUTO_INCREMENT,,,,,,,,,,,,,,,,,,,,
FK,ID_ANAMNESE,ID DA ANAMNESE,INT,,NOT NULL,FK_PROCPRESC_ANAMNESE,,,,,,,,,,,,,,,,,,,
FK,ID_PROCED,ID DO PROCEDIMENTO,INT,,NOT NULL,FK_PROCPRESC_PROCEDIMENTO,,,,,,,,,,,,,,,,,,,
,PROCEDQTD ,QUANTIDADE DO PROCEDIMENTO,INT,,NOT NULL,,,,,,,,,,,,,,,,,,,,
,IMAGEMPROC,CAMINHO DA IMAGEM,VARCHAR,250,,,,,,,,,,,,,,,,,,,,,
,ORIENTACAO,ORIENTAÇÃO DO PROFISSIONAL,VARCHAR,250,,,,,,,,,,,,,,,,,,,,,
,,,,,,,,,,,,,,,,,,,,,,,,,
,,,,,,,,,,,,,,,,,,,,,,,,,
,,,,,,,,,,,,,,,,,,,,,,,,,
Nome da Tabela:,,PROCPRESCAGE,,,,,,,,,,,,,,,,,,,,,,,
Tablespace:,,TS_FISIOTERAPIA,,,,,,,,,,,,,,,,,,,,,,,
Descrição:,,TABELA DE AGENDAMENTO DE PROCEDIMENTOS PRESCRITOS,,,,,,,,,,,,,,,,,,,,,,,
SISTEMA DE ORIGEM:,,FISIOTERAPIA,,,,,,,,,,,,,,,,,,,,,,,
Sistemas Usuarios:,,FISIOTERAPIA,,,,,,,,,,,,,,,,,,,,,,,
,,,,,,,,,,,,,,,,,,,,,,,,,
Chave,Campo,Descrição,Tipo,Tamanho,Consistência,Observação,Formatação / Máscara,,,,,,,,,,,,,,,,,,
PK,IDPROCPRESCAGE,ID DO REGISTRO,INT,,AUTO_INCREMENT,,,,,,,,,,,,,,,,,,,,
FK,ID_PROCPRESC,ID DO PROCEDIMENTO PRESCRITO,INT,,NOT NULL,FK_PROCPRESCAGE_PROCPRESC,,,,,,,,,,,,,,,,,,,
FK,ID_AGENDA,ID DO REGISTRO NA AGENDA,INT,,NOT NULL,FK_PROCPRESCAGE_AGENDA,,,,,,,,,,,,,,,,,,,
,,,,,,,,,,,,,,,,,,,,,,,,,
,,,,,,,,,,,,,,,,,,,,,,,,,
,,,,,,,,,,,,,,,,,,,,,,,,,
Nome da Tabela:,,PROCPRESCATE,,,,,,,,,,,,,,,,,,,,,,,
Tablespace:,,TS_FISIOTERAPIA,,,,,,,,,,,,,,,,,,,,,,,
Descrição:,,TABELA DE PRESCRIÇÃO DE PROCEDIMENTOS ATENDIDOS,,,,,,,,,,,,,,,,,,,,,,,
SISTEMA DE ORIGEM:,,FISIOTERAPIA,,,,,,,,,,,,,,,,,,,,,,,
Sistemas Usuarios:,,FISIOTERAPIA,,,,,,,,,,,,,,,,,,,,,,,
,,,,,,,,,,,,,,,,,,,,,,,,,
Chave,Campo,Descrição,Tipo,Tamanho,Consistência,Observação,Formatação / Máscara,,,,,,,,,,,,,,,,,,
PK,IDPROCPRESCATE	,ID DO REGISTRO,INT,,AUTO_INCREMENT,,,,,,,,,,,,,,,,,,,,
FK,ID_PROCPRESC,ID DO PROCEDIMENTO PRESCRITO,INT,,NOT NULL,FK_PROCPRESCATE_PROCPRESC,,,,,,,,,,,,,,,,,,,
FK,ID_PRONTU,ID DO PRONTUARIO,INT,,NOT NULL,FK_PROCPRESCATE_PRONTUARIO,,,,,,,,,,,,,,,,,,,
,STATUSATE,STATUS DA EXECUÇÃO DO PROCEDIMENTO,BOOLEAN,,NOT NULL DEFAULT FALSE,,,,,,,,,,,,,,,,,,,,
,,,,,,,,,,,,,,,,,,,,,,,,,
,,,,,,,,,,,,,,,,,,,,,,,,,
,,,,,,,,,,,,,,,,,,,,,,,,,
Nome da Tabela:,,EXERCICIO,,,,,,,,,,,,,,,,,,,,,,,
Tablespace:,,TS_FISIOTERAPIA,,,,,,,,,,,,,,,,,,,,,,,
Descrição:,,TABELA DE EXERCICIOS FÍSICOS DE FISIOTERAPIA,,,,,,,,,,,,,,,,,,,,,,,
SISTEMA DE ORIGEM:,,FISIOTERAPIA,,,,,,,,,,,,,,,,,,,,,,,
Sistemas Usuarios:,,FISIOTERAPIA,,,,,,,,,,,,,,,,,,,,,,,
,,,,,,,,,,,,,,,,,,,,,,,,,
Chave,Campo,Descrição,Tipo,Tamanho,Consistência,Observação,Formatação / Máscara,,,,,,,,,,,,,,,,,,
PK,IDEXERCICIO,ID DO REGISTRO,INT,,AUTO_INCREMENT,,,,,,,,,,,,,,,,,,,,
,DESCREXERC,DESCRIÇÃO DO EXERCICIO,VARCHAR,250,NOT NULL,,,,,,,,,,,,,,,,,,,,
,LINKVIDEO,LINK DO VIDEO TUTORIAL DO EXERCICIO,VARCHAR,250,,,,,,,,,,,,,,,,,,,,,
,,,,,,,,,,,,,,,,,,,,,,,,,
,,,,,,,,,,,,,,,,,,,,,,,,,
,,,,,,,,,,,,,,,,,,,,,,,,,
Nome da Tabela:,,EXERCPRESC,,,,,,,,,,,,,,,,,,,,,,,
Tablespace:,,TS_FISIOTERAPIA,,,,,,,,,,,,,,,,,,,,,,,
Descrição:,,TABELA DE PRESCRIÇÃO DE EXERCICIOS,,,,,,,,,,,,,,,,,,,,,,,
SISTEMA DE ORIGEM:,,FISIOTERAPIA,,,,,,,,,,,,,,,,,,,,,,,
Sistemas Usuarios:,,FISIOTERAPIA,,,,,,,,,,,,,,,,,,,,,,,
,,,,,,,,,,,,,,,,,,,,,,,,,
Chave,Campo,Descrição,Tipo,Tamanho,Consistência,Observação,Formatação / Máscara,,,,,,,,,,,,,,,,,,
PK,IDEXERCPRESC,ID DO REGISTRO,INT,,AUTO_INCREMENT,,,,,,,,,,,,,,,,,,,,
FK,ID_EXERCICIO,ID DO REGISTRO DO EXERCICIO,INT,,NOT NULL,FK_EXERCPRESC_EXERCICIO,,,,,,,,,,,,,,,,,,,
FK,ID_ANAMNESE,ID DO REGISTRO DA ANAMNESE,INT,,NOT NULL,FK_EXERCPRESC_ANAMNESE,,,,,,,,,,,,,,,,,,,
,QTDEXERC,QUANTIDADE ORIENTADA DO EXERCICIO,INT,,NOT NULL,,,,,,,,,,,,,,,,,,,,
,ORIENTACAO,ORIENTAÇÃO SOBRE O PRESCRIÇÃO,TEXT,,,,,,,,,,,,,,,,,,,,,,
,,,,,,,,,,,,,,,,,,,,,,,,,
,,,,,,,,,,,,,,,,,,,,,,,,,
,,,,,,,,,,,,,,,,,,,,,,,,,
Nome da Tabela:,,EXERCREALIZADO,,,,,,,,,,,,,,,,,,,,,,,
Tablespace:,,TS_FISIOTERAPIA,,,,,,,,,,,,,,,,,,,,,,,
Descrição:,,TABELA DE PRESCRIÇÃO DE EXERCICIOS,,,,,,,,,,,,,,,,,,,,,,,
SISTEMA DE ORIGEM:,,FISIOTERAPIA,,,,,,,,,,,,,,,,,,,,,,,
Sistemas Usuarios:,,FISIOTERAPIA,,,,,,,,,,,,,,,,,,,,,,,
,,,,,,,,,,,,,,,,,,,,,,,,,
Chave,Campo,Descrição,Tipo,Tamanho,Consistência,Observação,Formatação / Máscara,,,,,,,,,,,,,,,,,,
PK,IDEXERCREALIZADO,ID DO REGISTRO,INT,,AUTO_INCREMENT,,,,,,,,,,,,,,,,,,,,
FK,ID_EXERCPRESC,ID DA PRESCRIÇÃO DO EXERCICIO,INT,,NOT NULL,FK_EXERCREALIZADO_EXERCPRESC,,,,,,,,,,,,,,,,,,,
,DATAHORA,DATA E HORA DA REALIZAÇÃO DO EXERCICIO,DATETIME,,"NOT NULL, CURRUNT_TIMESTAMP",,,,,,,,,,,,,,,,,,,,
,OBSERVACAO,"ALGUMA OBSERVAÇÃO, SE NECESSÁRIO",VARCHAR(100),,,,,,,,,,,,,,,,,,,,,,
,,,,,,,,,,,,,,,,,,,,,,,,,
,,,,,,,,,,,,,,,,,,,,,,,,,
,,,,,,,,,,,,,,,,,,,,,,,,,
Nome da Tabela:,,TOKENFISIO,,,,,,,,,,,,,,,,,,,,,,,
Tablespace:,,TS_FISIOTERAPIA,,,,,,,,,,,,,,,,,,,,,,,
Descrição:,,TABELA DE TOKENS PARA ANAMNESES DE FISIOTERAPIA,,,,,,,,,,,,,,,,,,,,,,,
SISTEMA DE ORIGEM:,,FISIOTERAPIA,,,,,,,,,,,,,,,,,,,,,,,
Sistemas Usuarios:,,FISIOTERAPIA,,,,,,,,,,,,,,,,,,,,,,,
,,,,,,,,,,,,,,,,,,,,,,,,,
Chave,Campo,Descrição,Tipo,Tamanho,Consistência,Observação,Formatação / Máscara,,,,,,,,,,,,,,,,,,
PK,IDTOKENFISIO,ID DO REGISTRO,INT,,AUTO_INCREMENT,,,,,,,,,,,,,,,,,,,,
FK,ID_ANAMNESE,ID DA ANAMNESE,INT,,"NOT NULL, UNIQUE",FK_TOKENFISIO_ANAMNESE,,,,,,,,,,,,,,,,,,,
,TOKEN,CÓDIGO DO TOKEN,CHAR,5,"NOT NULL, UNIQUE",,,,,,,,,,,,,,,,,,,,
,,,,,,,,,,,,,,,,,,,,,,,,,
,,,,,,,,,,,,,,,,,,,,,,,,,
,,,,,,,,,,,,,,,,,,,,,,,,,
Nome da Tabela:,,ATENDIFISIO,,,,,,,,,,,,,,,,,,,,,,,
Tablespace:,,TS_FISIOTERAPIA,,,,,,,,,,,,,,,,,,,,,,,
Descrição:,,TABELA DE REGISTROS DE ATENDIMENTOS DE FISIOTERAPIA,,,,,,,,,,,,,,,,,,,,,,,
SISTEMA DE ORIGEM:,,FISIOTERAPIA,,,,,,,,,,,,,,,,,,,,,,,
Sistemas Usuarios:,,FISIOTERAPIA,,,,,,,,,,,,,,,,,,,,,,,
,,,,,,,,,,,,,,,,,,,,,,,,,
Chave,Campo,Descrição,Tipo,Tamanho,Consistência,Observação,Formatação / Máscara,,,,,,,,,,,,,,,,,,
PK,IDATENDIFISIO,ID DO REGISTRO,INT,,AUTO_INCREMENT,,,,,,,,,,,,,,,,,,,,
FK,ID_PACIENTE,ID DO PACIENTE,INT,,NOT NULL,FK_ATENDIFISIO_PACIENTE,,,,,,,,,,,,,,,,,,,
FK,ID_PROFISSIO,ID DO PROFISSIONAL,INT,,NOT NULL,FK_ATENDIFISIO_PROFISSIONAL,,,,,,,,,,,,,,,,,,,
FK,ID_PROCED,ID DO PROCEDIMENTO,INT,,NOT NULL,FK_ATENDIFISIO_PROCEDIMENTO,,,,,,,,,,,,,,,,,,,
,DATAATENDI,DATA DO ATENDIMENTO,DATE,,NOT NULL,,,,,,,,,,,,,,,,,,,,
,DESCRATENDI,DESCRICAO DO ATENDIMENTO,VARCHAR,250,,,,,,,,,,,,,,,,,,,,,
,,,,,,,,,,,,,,,,,,,,,,,,,
,,,,,,,,,,,,,,,,,,,,,,,,,
,,,,,,,,,,,,,,,,,,,,,,,,,
Nome da Tabela:,,AVALNUTRI,,,,,,,,,,,,,,,,,,,,,,,
Tablespace:,,TS_NUTRICAO,,,,,,,,,,,,,,,,,,,,,,,
Descrição:,,TABELA DE AVALIAÇÃO NUTRICIONAL,,,,,,,,,,,,,,,,,,,,,,,
SISTEMA DE ORIGEM:,,NUTRIÇÃO,,,,,,,,,,,,,,,,,,,,,,,
Sistemas Usuarios:,,NUTRIÇÃO,,,,,,,,,,,,,,,,,,,,,,,
,,,,,,,,,,,,,,,,,,,,,,,,,
Chave,Campo,Descrição,Tipo,Tamanho,Consistência,Observação,Formatação / Máscara,,,,,,,,,,,,,,,,,,
PK,IDAVALNUTRI,ID DO REGISTRO,INT,,AUTO_INCREMENT,,,,,,,,,,,,,,,,,,,,
FK,ID_PACIENTE,ID DO PACIENTE,INT,,NOT NULL,FK_AVALNUTRI_PACIENTE,,,,,,,,,,,,,,,,,,,
FK,ID_PROFISSIO,ID DO PROFISSIONAL,INT,,NOT NULL,FK_AVALNUTRI_PROFISSIONAL,,,,,,,,,,,,,,,,,,,
FK,ID_PROCED,ID DO PROCEDIMENTO,INT,,NOT NULL,FK_AVALNUTRI_PROCEDIMENTO,,,,,,,,,,,,,,,,,,,
,DATAAVAL,DATA DA AVALIAÇÃO,DATE,,NOT NULL,,,,,,,,,,,,,,,,,,,,
,HISTOCLIN,HISTORICO CLÍNICO NO PACIENTE,TEXT,,NOT NULL,,,,,,,,,,,,,,,,,,,,
FK,ID_RESULEXAME,ID DO EXAME DO PACIENTE,INT,,NOT NULL,FK_AVALNUTRI_RESULEXAME,,,,,,,,,,,,,,,,,,,
,AVALANTRO,AVALIAÇÃO ANTROPOMETRICA DO PACIENTE,TEXT,,NOT NULL,,,,,,,,,,,,,,,,,,,,
,CIRCUNCEF,MEDIDA DA CIRCUNFERENCIA CEFÁLICA,DECIMAL,10.199999999999999,NOT NULL,,,,,,,,,,,,,,,,,,,,
,CIRCUNBRA,MEDIDA DA CIRCUNFERENCIA CUTÂNEA SUPRAILÍACA,DECIMAL,10.199999999999999,NOT NULL,,,,,,,,,,,,,,,,,,,,
,CIRCUNPUN,MEDIDA DA CIRCUNFERENCIA DO PUNHO,DECIMAL,10.199999999999999,NOT NULL,,,,,,,,,,,,,,,,,,,,
,CIRCUNCIN,MEDIDA DA CIRCUNFERENCIA DA CINTUURA,DECIMAL,10.199999999999999,NOT NULL,,,,,,,,,,,,,,,,,,,,
,CIRCUNQUA,MEDIDA DA CIRCUNFERENCIA DO QUADRIL,DECIMAL,10.199999999999999,NOT NULL,,,,,,,,,,,,,,,,,,,,
,CIRCUNPAN,MEDIDA DA CIRCUNFERENCIA DA PANTURRILHA,DECIMAL,10.199999999999999,NOT NULL,,,,,,,,,,,,,,,,,,,,
,CIRCUNDOBCUT,MEDIDA DA CIRCUNFERENCIA CUTÂNEA,DECIMAL,10.199999999999999,NOT NULL,,,,,,,,,,,,,,,,,,,,
,CIRCUNDOBCUTSE,MEDIDA DA CIRCUNFERENCIA CUTÂNEA SUBESCAPULAR,DECIMAL,10.199999999999999,NOT NULL,,,,,,,,,,,,,,,,,,,,
,CIRCUNDOBCUTBI,MEDIDA DA CIRCUNFERENCIA CUTÂNEA BICIPAL,DECIMAL,10.199999999999999,NOT NULL,,,,,,,,,,,,,,,,,,,,
,CIRCUNDOBCUTAB,MEDIDA DA CIRCUNFERENCIA CUTÂNEA ABDOMINAL,DECIMAL,10.199999999999999,NOT NULL,,,,,,,,,,,,,,,,,,,,
,CIRCUNDOBCUTSUP,MEDIDA DA CIRCUNFERENCIA CUTÂNEA SUPRAILÍACA,DECIMAL,10.199999999999999,NOT NULL,,,,,,,,,,,,,,,,,,,,
,CIRCUNDOBCUTPAN,MEDIDA DA CIRCUNFERENCIA CUTÂNEA DA PANTURRILHA,DECIMAL,10.199999999999999,NOT NULL,,,,,,,,,,,,,,,,,,,,
,CIRCUNDOBCUTCOX,MEDIDA DA CIRCUNFERENCIA CUTÂNEA DA COXA,DECIMAL,10.199999999999999,NOT NULL,,,,,,,,,,,,,,,,,,,,
,PLANALIMENT,PLANO ALIMENTAR DO PACIENTE,DECIMAL,10.199999999999999,NOT NULL,,,,,,,,,,,,,,,,,,,,
,,,,,,,,,,,,,,,,,,,,,,,,,
,,,,,,,,,,,,,,,,,,,,,,,,,
,,,,,,,,,,,,,,,,,,,,,,,,,
Nome da Tabela:,,EVOLNUTRI,,,,,,,,,,,,,,,,,,,,,,,
Tablespace:,,TS_NUTRICAO,,,,,,,,,,,,,,,,,,,,,,,
Descrição:,,TABELA DE EVOLUÇÃO NUTRICIONAL,,,,,,,,,,,,,,,,,,,,,,,
SISTEMA DE ORIGEM:,,NUTRIÇÃO,,,,,,,,,,,,,,,,,,,,,,,
Sistemas Usuarios:,,NUTRIÇÃO,,,,,,,,,,,,,,,,,,,,,,,
,,,,,,,,,,,,,,,,,,,,,,,,,
Chave,Campo,Descrição,Tipo,Tamanho,Consistência,Observação,Formatação / Máscara,,,,,,,,,,,,,,,,,,
PK,IDEVOLNUTRI,ID DO REGISTRO,INT,,AUTO_INCREMENT,,,,,,,,,,,,,,,,,,,,
FK,ID_PACIENTE,ID DO PACIENTE,INT,,NOT NULL,FK_EVOLNUTRI_PACIENTE,,,,,,,,,,,,,,,,,,,
,MOTIVACAO,MOTIVAÇÃO DA VINDA DO PACIENTE,VARCHAR,250,NOT NULL,,,,,,,,,,,,,,,,,,,,
,HISTODOENCA,HISTORICO DE DOENÇAS DO PACIENTE,TEXT,,NOT NULL,,,,,,,,,,,,,,,,,,,,
,DIAGCLIN,DIAGNOSTICO CLÍNICO DO PACIENTE,TEXT,,NOT NULL,,,,,,,,,,,,,,,,,,,,
,EXAMFIS,EXAME FÍSICO DO PACIENTE,TEXT,,NOT NULL,,,,,,,,,,,,,,,,,,,,
,SINTGASTRO,SINTOMAS GASTROINTESTINAIS DO PACIENTE,TEXT,,NOT NULL,,,,,,,,,,,,,,,,,,,,
,,,,,,,,,,,,,,,,,,,,,,,,,
,,,,,,,,,,,,,,,,,,,,,,,,,
,,,,,,,,,,,,,,,,,,,,,,,,,
Nome da Tabela:,,METODEXAME,,,,,,,,,,,,,,,,,,,,,,,
Tablespace:,,TS_BIOMEDICINA,,,,,,,,,,,,,,,,,,,,,,,
Descrição:,,TABELA DE MÉTODOS DE EXAMES,,,,,,,,,,,,,,,,,,,,,,,
SISTEMA DE ORIGEM:,,BIOMEDICINA,,,,,,,,,,,,,,,,,,,,,,,
Sistemas Usuarios:,,BIOMEDICINA,,,,,,,,,,,,,,,,,,,,,,,
,,,,,,,,,,,,,,,,,,,,,,,,,
Chave,Campo,Descrição,Tipo,Tamanho,Consistência,Observação,Formatação / Máscara,,,,,,,,,,,,,,,,,,
PK,IDMETODEXAME,ID DO REGISTRO,INT,,AUTO_INCREMENT,,,,,,,,,,,,,,,,,,,,
,NOMEMETOD,NOME DO MÉTODO,VARCHAR,100,NOT NULL UNIQUE,,,,,,,,,,,,,,,,,,,,
,DESCRICAO,DESCRICAO DETALHADA DO MÉTODO,TEXT,,NOT NULL,,,,,,,,,,,,,,,,,,,,
FK,ID_PROCED,ID DO PROCEDIMENTO,INT,,NOT NULL,FK_METODEXAME_PROCEDIMENTO,,,,,,,,,,,,,,,,,,,
,,,,,,,,,,,,,,,,,,,,,,,,,
,,,,,,,,,,,,,,,,,,,,,,,,,
,,,,,,,,,,,,,,,,,,,,,,,,,
Nome da Tabela:,,REFPROCED,,,,,,,,,,,,,,,,,,,,,,,
Tablespace:,,TS_BIOMEDICINA,,,,,,,,,,,,,,,,,,,,,,,
Descrição:,,TABELA DE REFERENCIA DE RESULTADOS DE PROCEDIMENTOS,,,,,,,,,,,,,,,,,,,,,,,
SISTEMA DE ORIGEM:,,BIOMEDICINA,,,,,,,,,,,,,,,,,,,,,,,
Sistemas Usuarios:,,BIOMEDICINA,,,,,,,,,,,,,,,,,,,,,,,
,,,,,,,,,,,,,,,,,,,,,,,,,
Chave,Campo,Descrição,Tipo,Tamanho,Consistência,Observação,Formatação / Máscara,,,,,,,,,,,,,,,,,,
PK,IDREFPROCED,ID DO REGISTRO,INT,,AUTO_INCREMENT,,,,,,,,,,,,,,,,,,,,
FK,ID_PROCED,ID DO REGISTRO DE PROCEDIMENTO,INT,,NOT NULL,FK_REFPROCED_PROCEDIMENTO,,,,,,,,,,,,,,,,,,,
,DESCRICAO,DESCRIÇÃO DA REFERENCIA,VARCHAR,100,NOT NULL UNIQUE,,,,,,,,,,,,,,,,,,,,
,VALMIN,VALOR MÍNIMO DE REFERENCIA,DECIMAL,15.5,,,,,,,,,,,,,,,,,,,,,
,VALMAX,VALOR MÁXIMO DE REFERENCIA,DECIMAL,15.5,,,,,,,,,,,,,,,,,,,,,
,IDADEMIN,IDADE MÍNIMA EM MESES,IINT,,,,,,,,,,,,,,,,,,,,,,
,IDADEMAX,IDADE MÁXIMA EM MESES,INT,,,,,,,,,,,,,,,,,,,,,,
,GESTANTE,INDICA SE O PACIENTE É GESTANTE,BOOLEAN,,,,,,,,,,,,,,,,,,,,,,
,JEJUM,INDICA SE O PACIENTE ESTÁ EM JEJUM,BOOLEAN,,,,,,,,,,,,,,,,,,,,,,
,OBSERV,OBSERVAÇOES SOBRE REFERENCIA QUE FOGEM DA REGRA,VARCHAR,250,,,,,,,,,,,,,,,,,,,,,
,,,,,,,,,,,,,,,,,,,,,,,,,
,,,,,,,,,,,,,,,,,,,,,,,,,
,,,,,,,,,,,,,,,,,,,,,,,,,
Nome da Tabela:,,LOCCOLET,,,,,,,,,,,,,,,,,,,,,,,
Tablespace:,,TS_BIOMEDICINA,,,,,,,,,,,,,,,,,,,,,,,
Descrição:,,TABELA DE LOCAIS DE ATENDIMENTO,,,,,,,,,,,,,,,,,,,,,,,
SISTEMA DE ORIGEM:,,BIOMEDICINA,,,,,,,,,,,,,,,,,,,,,,,
Sistemas Usuarios:,,BIOMEDICINA,,,,,,,,,,,,,,,,,,,,,,,
,,,,,,,,,,,,,,,,,,,,,,,,,
Chave,Campo,Descrição,Tipo,Tamanho,Consistência,Observação,Formatação / Máscara,,,,,,,,,,,,,,,,,,
PK,IDLOCCOLET,ID DO REGISTRO,INT,,AUTO_INCREMENT,,,,,,,,,,,,,,,,,,,,
,DESCRICAO,DESCRIÇÃO DO LOCAL,VARCHAR,250,NOT NULL UNIQUE,,,,,,,,,,,,,,,,,,,,
,,,,,,,,,,,,,,,,,,,,,,,,,
,,,,,,,,,,,,,,,,,,,,,,,,,
,,,,,,,,,,,,,,,,,,,,,,,,,
Nome da Tabela:,,RESULEXAME,,,,,,,,,,,,,,,,,,,,,,,
Tablespace:,,TS_BIOMEDICINA,,,,,,,,,,,,,,,,,,,,,,,
Descrição:,,TABELA DE RESULTADOS DE EXAMES,,,,,,,,,,,,,,,,,,,,,,,
SISTEMA DE ORIGEM:,,BIOMEDICINA,,,,,,,,,,,,,,,,,,,,,,,
Sistemas Usuarios:,,BIOMEDICINA,,,,,,,,,,,,,,,,,,,,,,,
,,,,,,,,,,,,,,,,,,,,,,,,,
Chave,Campo,Descrição,Tipo,Tamanho,Consistência,Observação,Formatação / Máscara,,,,,,,,,,,,,,,,,,
PK,IDRESULEXAME,ID DO REGISTRO,INT,,AUTO_INCREMENT,,,,,,,,,,,,,,,,,,,,
FK,ID_AGENDA,ID DO REGISTRO NA AGENDA,INT,,,FK_RESULEXAME_AGENDA,,,,,,,,,,,,,,,,,,,
FK,ID_PROCED,ID DO REGISTRO DE PROCEDIMENTO,INT,,,FK_RESULEXAME_PROCEDIMENTO,,,,,,,,,,,,,,,,,,,
FK,ID_METODEXAME,ID DO MÉTODO DO EXAME,INT,,,FK_RESULEXAME_METODOEXAME,,,,,,,,,,,,,,,,,,,
FK,ID_PACIENTE,ID DO REGISTRO DE PACIENTE,INT,,,FK_RESULEXAME_PACIENTE,,,,,,,,,,,,,,,,,,,
,ID_PROFISSIO,ID DO PROFISSIONAL,INT,,,FK_RESULEXAME_PROFISSIONAL,,,,,,,,,,,,,,,,,,,
,DATACOLE,DATA DE COLETA,DATETIME,,NOT NULL,,,,,,,,,,,,,,,,,,,,
FK,ID_LOCCOLET,ID DO LOCAL DE ATENDIMENTO,INT,,NOT NULL,FK_RESULEXAME_LOCCOLET,,,,,,,,,,,,,,,,,,,
,GESTANTE,INDICA SE O PACIENTE É GESTANTE,BOOLEAN,,,,,,,,,,,,,,,,,,,,,,
,JEJUM,INDICA SE O PACIENTE ESTÁ EM JEJUM,BOOLEAN,,,,,,,,,,,,,,,,,,,,,,
,RESULTADO,ENDEREÇO DO ARQUIVO DE RESULTADO,VARCHAR,250,,,,,,,,,,,,,,,,,,,,,
,OBSERVACAO,OBSERVAÇÕES,TEXT,,,,,,,,,,,,,,,,,,,,,,
,STATUSEXA,STATUS DO EXAME,"ENUM('PEND','ANDA','CONC','CANC')",,NOT NULL,,PEND - PENDENTE,,,,,,,,,,,,,,,,,,
,,,,,,,ANDA - ANDAMENTO,,,,,,,,,,,,,,,,,,
,,,,,,,CONC - CONCLUÍDO,,,,,,,,,,,,,,,,,,
,,,,,,,CANC - CANCELADO,,,,,,,,,,,,,,,,,,
,MOTCANC,MOTIVO DO CANCELAMENTO,VARCHAR,250,,,,,,,,,,,,,,,,,,,,,
,,,,,,,,,,,,,,,,,,,,,,,,,
,,,,,,,,,,,,,,,,,,,,,,,,,
,,,,,,,,,,,,,,,,,,,,,,,,,
Nome da Tabela:,,ATENDIODONTO,,,,,,,,,,,,,,,,,,,,,,,
Tablespace:,,TS_ODONTOLOGIA,,,,,,,,,,,,,,,,,,,,,,,
Descrição:,,TABELA DE REGISTRO DE ATENDIMENTOS DE ODONTOLOGIA,,,,,,,,,,,,,,,,,,,,,,,
SISTEMA DE ORIGEM:,,ODONTOLOGIA,,,,,,,,,,,,,,,,,,,,,,,
Sistemas Usuarios:,,ODONTOLOGIA,,,,,,,,,,,,,,,,,,,,,,,
,,,,,,,,,,,,,,,,,,,,,,,,,
Chave,Campo,Descrição,Tipo,Tamanho,Consistência,Observação,Formatação / Máscara,,,,,,,,,,,,,,,,,,
PK,IDATENDIODONTO,ID DO REGISTRO,INT,,AUTO_INCREMENT,,,,,,,,,,,,,,,,,,,,
FK,ID_PACIENTE,ID DO PACIENTE,INT,,NOT NULL,FK_ATENDIODONTO_PACIENTE,,,,,,,,,,,,,,,,,,,
FK,ID_PROFISSIO,ID DO PROFISSIONAL,INT,,NOT NULL,FK_ATENDIODONTO_PROFISSIONAL,,,,,,,,,,,,,,,,,,,
FK,ID_PROCED,ID DO PROCEDIMENTO,INT,,NOT NULL,FK_ATENDIODONTO_PROCEDIMENTO,,,,,,,,,,,,,,,,,,,
,DATAHORA,DATA E HORA DO ATENDIMENTO,DATETIME,,NOT NULL,,,,,,,,,,,,,,,,,,,,
,MOTCONSUL,MOTIVO DA CONSULTA,VARCHAR,250,NOT NULL,,,,,,,,,,,,,,,,,,,,
,DESCPROCED,DESCRIÇÃO DO PROCEDIMENTO REALIZADO,VARCHAR,250,NOT NULL,,,,,,,,,,,,,,,,,,,,
,OBSERVACOES,OBSERVAÇÕES DO ATENDIMENTO,VARCHAR,250,NOT NULL,,,,,,,,,,,,,,,,,,,,
,,,,,,,,,,,,,,,,,,,,,,,,,
,,,,,,,,,,,,,,,,,,,,,,,,,
,,,,,,,,,,,,,,,,,,,,,,,,,
,,,,,,,,,,,,,,,,,,,,,,,,,
Nome da Tabela:,,SOLIODONTO,,,,,,,,,,,,,,,,,,,,,,,
Tablespace:,,TS_ODONTOLOGIA,,,,,,,,,,,,,,,,,,,,,,,
Descrição:,,TABELA DE REGISTRO DE SOLICITAÇÕES DE ATENDIMENTO ATENDIMENTOS DE ODONTOLOGIA,,,,,,,,,,,,,,,,,,,,,,,
SISTEMA DE ORIGEM:,,ODONTOLOGIA,,,,,,,,,,,,,,,,,,,,,,,
Sistemas Usuarios:,,ODONTOLOGIA,,,,,,,,,,,,,,,,,,,,,,,
,,,,,,,,,,,,,,,,,,,,,,,,,
Chave,Campo,Descrição,Tipo,Tamanho,Consistência,Observação,Formatação / Máscara,,,,,,,,,,,,,,,,,,
PK,IDSOLIODONTO,ID DO REGISTRO,INT,,AUTO_INCREMENT,,,,,,,,,,,,,,,,,,,,
FK,ID_PACIENTE,ID DO PACIENTE,INT,,NOT NULL,FK_SOLIODONTO_PACIENTE,,,,,,,,,,,,,,,,,,,
FK,ID_PROFISSIO,ID DO PROFISSIONAL,INT,,,FK_SOLIODONTO_PROFISSIONAL,,,,,,,,,,,,,,,,,,,
FK,ID_PROCED,ID DO PROCEDIMENTO,INT,,NOT NULL,FK_SOLIODONTO_PROCEDIMENTO,,,,,,,,,,,,,,,,,,,
FK,ID_USUARIO,ID DO USUARIO (ALUNO),INT,,NOT NULL,FK_SOLIODONTO_USUARIO,,,,,,,,,,,,,,,,,,,
,DATASOL,DATA E HORA DA SOLICITACAO,DATETIME,,NOT NULL,,,,,,,,,,,,,,,,,,,,
,STATUSSOLI,STATUS DA SOLICITAÇÃO,"ENUM('P', 'A', 'N')",,,,P - PENDENDE,,,,,,,,,,,,,,,,,,
,,,,,,,A - APROVADO,,,,,,,,,,,,,,,,,,
,,,,,,,N - NEGADO,,,,,,,,,,,,,,,,,,
,MOTNEG,MOTIVO DA NEGATIVA,VARCHAR,250,,,,,,,,,,,,,,,,,,,,,
,,,,,,,,,,,,,,,,,,,,,,,,,
,,,,,,,,,,,,,,,,,,,,,,,,,
,,,,,,,,,,,,,,,,,,,,,,,,,
Nome da Tabela:,,ORCAMENTOS,,,,,,,,,,,,,,,,,,,,,,,
Tablespace:,,TS_ORCAMENTO,,,,,,,,,,,,,,,,,,,,,,,
Descrição:,,TABELA DE ORCAMENTOS,,,,,,,,,,,,,,,,,,,,,,,
Sistema de Origem:,,CONTAS A PAGAR,,,,,,,,,,,,,,,,,,,,,,,
Sistemas Usuários:,,,,,,,,,,,,,,,,,,,,,,,,,
,,,,,,,,,,,,,,,,,,,,,,,,,
Chave,Campo,Descrição,Tipo,Tamanho,Consistência,Observação,Formatação / Máscara,,,,,,,,,,,,,,,,,,
PK,ID_ORCAMENTO,ID DO ORCAMENTO,INT,,AUTO_INCREMENT,,,,,,,,,,,,,,,,,,,,
,DATA_EMISSAO,DATA DE EMISSÃO,DATE,,NOT NULL,,,,,,,,,,,,,,,,,,,,
,DATA_VALIDADE,DATA DE VENCIMENTO,DATE,,NOT NULL,,,,,,,,,,,,,,,,,,,,
,DATA_ENTREGA,DATA PREVISTA/PROMETIDA,DATE,,NOT NULL,,,,,,,,,,,,,,,,,,,,
FK,ID_FORNECEDOR,FORNECEDOR,INT,,NOT NULL,FK_ORC_FORNECEDOR,,,,,,,,,,,,,,,,,,,
FK,ID_PRODUTO,PRODUTO,INT,,NOT NULL,FK_ORC_PRODUTO,,,,,,,,,,,,,,,,,,,
FK,ID_UNMEDI,UNIDADE DE MEDIDA,INT,,NOT NULL,FK_ORC_UNMEDI,,,,,,,,,,,,,,,,,,,
,GARANTIA ,PRAZO OU CONDICOES DE GARANTIA,VARCHAR(255),,NOT NULL,,,,,,,,,,,,,,,,,,,,
,CONDICOES_PAGAMENTO,FORMAS DE PAMANETO,VARCHAR(255),,NOT NULL,,,,,,,,,,,,,,,,,,,,
,PRECO_COMPRA,PRECO DE VENDA,DECIMAL,10.199999999999999,NOT NULL,,,,,,,,,,,,,,,,,,,,
,QUANTIDADE,QUANTIDADE VENDIDA,INT,,NOT NULL,,,,,,,,,,,,,,,,,,,,
,ID_GRUPOAPROVADOR,GRUPO DE APROVACAO DE ORCAMENTO,INT,,NOT NULL,FK_ORC_GRUPO,,,,,,,,,,,,,,,,,,,
,ID_USERAPROVE,USUARIO DO QUE APROVOU ORCAMENTO,INT,,NOT NULL,FK_ORC_USERAPROVE,,,,,,,,,,,,,,,,,,,
,STATUS,STATUS DE APROVAÇÃO,"ENUM('Aprovado','Pendente','Reprovado', 'Entregue')",,NOT NULL,,,,,,,,,,,,,,,,,,,,
,DATA_GERACAO,DATA DE GERACAO DO ORCAMENTO,DATE,,NOT NULL,,,,,,,,,,,,,,,,,,,,
,,,,,,,,,,,,,,,,,,,,,,,,,
,,,,,,,,,,,,,,,,,,,,,,,,,
,,,,,,,,,,,,,,,,,,,,,,,,,
Nome da Tabela:,,GRUPOAPROVADOR,,,,,,,,,,,,,,,,,,,,,,,
Tablespace:,,TS_GRUPOAPROVADOR,,,,,,,,,,,,,,,,,,,,,,,
Descrição:,,TABELA DE GRUPO DE APROVADOR DE ORCAMENTO,,,,,,,,,,,,,,,,,,,,,,,
Sistema de Origem:,,CONTAS A PAGAR,,,,,,,,,,,,,,,,,,,,,,,
Sistemas Usuários:,,,,,,,,,,,,,,,,,,,,,,,,,
,,,,,,,,,,,,,,,,,,,,,,,,,
Chave,Campo,Descrição,Tipo,Tamanho,Consistência,Observação,Formatação / Máscara,,,,,,,,,,,,,,,,,,
PK,ID_GRUPOAPROVADOR,ID DO GRUPO DE APROVADOR,INT,,AUTO_INCREMENT,,,,,,,,,,,,,,,,,,,,
FK,ID_USER,USUARIO PARA FAZER APROVACAO,INT,,NOT NULL,FK_GRUPO_USER,,,,,,,,,,,,,,,,,,,
,STATUS,STATUS DE ATIVIDADE,"ENUM(Pendente de aprovação','Aprovado','reprovado')",,NOT NULL,,,,,,,,,,,,,,,,,,,,
,,,,,,,,,,,,,,,,,,,,,,,,,
,,,,,,,,,,,,,,,,,,,,,,,,,
,,,,,,,,,,,,,,,,,,,,,,,,,
,,,,,,,,,,,,,,,,,,,,,,,,,
,,,,,,,,,,,,,,,,,,,,,,,,,
,,,,,,,,,,,,,,,,,,,,,,,,,
,,,,,,,,,,,,,,,,,,,,,,,,,
,,,,,,,,,,,,,,,,,,,,,,,,,
,,,,,,,,,,,,,,,,,,,,,,,,,
,,,,,,,,,,,,,,,,,,,,,,,,,
,,,,,,,,,,,,,,,,,,,,,,,,,
,,,,,,,,,,,,,,,,,,,,,,,,,
,,,,,,,,,,,,,,,,,,,,,,,,,
,,,,,,,,,,,,,,,,,,,,,,,,,
,,,,,,,,,,,,,,,,,,,,,,,,,
,,,,,,,,,,,,,,,,,,,,,,,,,
,,,,,,,,,,,,,,,,,,,,,,,,,
,,,,,,,,,,,,,,,,,,,,,,,,,
,,,,,,,,,,,,,,,,,,,,,,,,,
,,,,,,,,,,,,,,,,,,,,,,,,,
,,,,,,,,,,,,,,,,,,,,,,,,,
,,,,,,,,,,,,,,,,,,,,,,,,,
,,,,,,,,,,,,,,,,,,,,,,,,,
,,,,,,,,,,,,,,,,,,,,,,,,,
,,,,,,,,,,,,,,,,,,,,,,,,,
,,,,,,,,,,,,,,,,,,,,,,,,,
,,,,,,,,,,,,,,,,,,,,,,,,,
,,,,,,,,,,,,,,,,,,,,,,,,,
,,,,,,,,,,,,,,,,,,,,,,,,,
,,,,,,,,,,,,,,,,,,,,,,,,,
,,,,,,,,,,,,,,,,,,,,,,,,,
,,,,,,,,,,,,,,,,,,,,,,,,,
,,,,,,,,,,,,,,,,,,,,,,,,,
,,,,,,,,,,,,,,,,,,,,,,,,,
,,,,,,,,,,,,,,,,,,,,,,,,,
,,,,,,,,,,,,,,,,,,,,,,,,,
,,,,,,,,,,,,,,,,,,,,,,,,,
,,,,,,,,,,,,,,,,,,,,,,,,,
,,,,,,,,,,,,,,,,,,,,,,,,,
,,,,,,,,,,,,,,,,,,,,,,,,,
,,,,,,,,,,,,,,,,,,,,,,,,,
,,,,,,,,,,,,,,,,,,,,,,,,,
,,,,,,,,,,,,,,,,,,,,,,,,,
,,,,,,,,,,,,,,,,,,,,,,,,,
,,,,,,,,,,,,,,,,,,,,,,,,,
,,,,,,,,,,,,,,,,,,,,,,,,,
,,,,,,,,,,,,,,,,,,,,,,,,,
,,,,,,,,,,,,,,,,,,,,,,,,,
,,,,,,,,,,,,,,,,,,,,,,,,,
,,,,,,,,,,,,,,,,,,,,,,,,,
,,,,,,,
